130940234130814,130940632165517,398034703, 0,398034703
130940638394934,130940665450439,27055505, 0,27055505
130940665554706,130940665611214,56508, 0,56508
130940665640549,130940665678154,37605, 0,37605
130940665701689,130940665737256,35567, 0,35567
130940665760023,130940665795876,35853, 0,35853
130940665816800,130940665854775,37975, 0,37975
130940665876960,130940665911331,34371, 0,34371
130940665931982,130940665966868,34886, 0,34886
130940665987880,130940666024665,36785, 0,36785
130940666046111,130940666200646,154535, 0,154535
130940666229094,130940666264765,35671, 0,35671
130940666286818,130940666321181,34363, 0,34363
130940666342271,130940666376972,34701, 0,34701
130940666398728,130940666432381,33653, 0,33653
130940666453444,130940666490561,37117, 0,37117
130940666512379,130940666546610,34231, 0,34231
130940666568319,130940666769382,201063, 0,201063
130940666794433,130940666830190,35757, 0,35757
130940666851880,130940666889461,37581, 0,37581
130940666924827,130940666963580,38753, 0,38753
130940666986231,130940667021275,35044, 0,35044
130940667042455,130940667076510,34055, 0,34055
130940667096501,130940667129902,33401, 0,33401
130940667150592,130940667190441,39849, 0,39849
130940667212132,130940667246460,34328, 0,34328
130940667269861,130940667305294,35433, 0,35433
130940667325736,130940667361856,36120, 0,36120
130940667384889,130940667423822,38933, 0,38933
130940667444783,130940667479053,34270, 0,34270
130940667499486,130940667533260,33774, 0,33774
130940667553554,130940667587764,34210, 0,34210
130940667608325,130940667662517,54192, 0,54192
130940667690680,130940667739163,48483, 0,48483
130940667763507,130940667807803,44296, 0,44296
130940667831158,130940667875301,44143, 0,44143
130940667898531,130940667942170,43639, 0,43639
130940667965589,130940668044313,78724, 0,78724
130940668081278,130940668187135,105857, 0,105857
130940668221965,130940668326050,104085, 0,104085
130940668359299,130940668462868,103569, 0,103569
130940668499669,130940668615738,116069, 0,116069
130940668652448,130940668757112,104664, 0,104664
130940668791033,130940668890837,99804, 0,99804
130940668923283,130940668985066,61783, 0,61783
130940669008645,130940669053799,45154, 0,45154
130940669077182,130940669136881,59699, 0,59699
130940669170604,130940669232890,62286, 0,62286
130940669257862,130940669311482,53620, 0,53620
130940669344463,130940669443071,98608, 0,98608
130940684135534,130940684359155,223621, 0,223621
130940684428210,130940684475310,47100, 0,47100
130940684509963,130940684547480,37517, 0,37517
130940684578277,130940684614586,36309, 0,36309
130940684642248,130940684681352,39104, 0,39104
130940684714947,130940684823442,108495, 0,108495
130940684856559,130940684956276,99717, 0,99717
130940684988768,130940685054914,66146, 0,66146
130940685081876,130940685167279,85403, 0,85403
130940685199597,130940685299333,99736, 0,99736
130940685331621,130940685435536,103915, 0,103915
130940685468222,130940685567610,99388, 0,99388
130940685599624,130940685701893,102269, 0,102269
130940685734280,130940685834936,100656, 0,100656
130940685866869,130940685935572,68703, 0,68703
130940685964318,130940686039243,74925, 0,74925
130940686073843,130940686134102,60259, 0,60259
130940686161155,130940686212086,50931, 0,50931
130940686249342,130940686318397,69055, 0,69055
130940686355675,130940686437788,82113, 0,82113
130940686475569,130940686568840,93271, 0,93271
130940686612241,130940686697329,85088, 0,85088
130940686736726,130940686834966,98240, 0,98240
130940686866908,130940686978311,111403, 0,111403
130940687011453,130940687116042,104589, 0,104589
130940687150241,130940687250225,99984, 0,99984
130940687282686,130940687382140,99454, 0,99454
130940687416225,130940687519179,102954, 0,102954
130940687554644,130940687668167,113523, 0,113523
130940687702386,130940687802248,99862, 0,99862
130940687835139,130940687936568,101429, 0,101429
130940687969380,130940688068796,99416, 0,99416
130940688102891,130940688205569,102678, 0,102678
130940688238206,130940688340414,102208, 0,102208
130940688372805,130940688475737,102932, 0,102932
130940688508376,130940688607592,99216, 0,99216
130940688639718,130940688738852,99134, 0,99134
130940688773870,130940688873105,99235, 0,99235
130940688911198,130940689010094,98896, 0,98896
130940689049349,130940689148372,99023, 0,99023
130940689184138,130940689283294,99156, 0,99156
130940689316569,130940689419228,102659, 0,102659
130940689452134,130940689554895,102761, 0,102761
130940689588722,130940689688059,99337, 0,99337
130940689720321,130940689819547,99226, 0,99226
130940689852100,130940689954120,102020, 0,102020
130940689987014,130940690086741,99727, 0,99727
130940690124088,130940690261864,137776, 0,137776
130940690316666,130940690377811,61145, 0,61145
130940690404649,130940690444600,39951, 0,39951
130940690479424,130940690518512,39088, 0,39088
130940690541878,130940690576102,34224, 0,34224
130940690598171,130940690631880,33709, 0,33709
130940690660452,130940690728897,68445, 0,68445
130940690763456,130940690840690,77234, 0,77234
130940690876221,130940690932930,56709, 0,56709
130940690959213,130940691018604,59391, 0,59391
130940691054737,130940691133180,78443, 0,78443
130940691166793,130940691243497,76704, 0,76704
130940691272284,130940691357088,84804, 0,84804
130940691395517,130940691451690,56173, 0,56173
130940691479269,130940691515503,36234, 0,36234
130940691537335,130940691572777,35442, 0,35442
130940691594082,130940691632192,38110, 0,38110
130940691653552,130940691690954,37402, 0,37402
130940691712221,130940691746125,33904, 0,33904
130940691766812,130940691801816,35004, 0,35004
130940691822158,130940691856278,34120, 0,34120
130940691877222,130940691914161,36939, 0,36939
130940691935424,130940691986187,50763, 0,50763
130940692017157,130940692055790,38633, 0,38633
130940692077745,130940692112269,34524, 0,34524
130940692136709,130940692177365,40656, 0,40656
130940692198759,130940692233605,34846, 0,34846
130940692254350,130940692288868,34518, 0,34518
130940692309626,130940692343267,33641, 0,33641
130940692364450,130940692398434,33984, 0,33984
130940692420403,130940692457281,36878, 0,36878
130940692479230,130940692560883,81653, 0,81653
130940692584168,130940692620941,36773, 0,36773
130940692642512,130940692676496,33984, 0,33984
130940692697073,130940692734389,37316, 0,37316
130940692758568,130940692803992,45424, 0,45424
130940692828204,130940692882490,54286, 0,54286
130940692914999,130940692987470,72471, 0,72471
130940693026184,130940693092936,66752, 0,66752
130940693131078,130940693211632,80554, 0,80554
130940693248532,130940693326022,77490, 0,77490
130940693360940,130940693424314,63374, 0,63374
130940693459687,130940693529583,69896, 0,69896
130940693567340,130940693659884,92544, 0,92544
130940693698600,130940693777704,79104, 0,79104
130940693815401,130940693890432,75031, 0,75031
130940693926993,130940693997268,70275, 0,70275
130940694034335,130940694109342,75007, 0,75007
130940694145494,130940694215489,69995, 0,69995
130940694259360,130940694332243,72883, 0,72883
130940694370115,130940694449587,79472, 0,79472
130940694484635,130940694550101,65466, 0,65466
130940694589473,130940694664017,74544, 0,74544
130940694712607,130940694811931,99324, 0,99324
130940694845196,130940694942505,97309, 0,97309
130940694974102,130940695072018,97916, 0,97916
130940695114871,130940695180186,65315, 0,65315
130940695215376,130940695277234,61858, 0,61858
130940695308668,130940695364929,56261, 0,56261
130940695395747,130940695498074,102327, 0,102327
130940695533637,130940695636117,102480, 0,102480
130940695672431,130940695778090,105659, 0,105659
130940695812903,130940695921158,108255, 0,108255
130940695955537,130940696058683,103146, 0,103146
130940696093988,130940696195333,101345, 0,101345
130940696230681,130940696342101,111420, 0,111420
130940696385616,130940696498258,112642, 0,112642
130940696533155,130940696630810,97655, 0,97655
130940696668721,130940696733105,64384, 0,64384
130940696768604,130940696856919,88315, 0,88315
130940696895562,130940696979931,84369, 0,84369
130940697013397,130940697069306,55909, 0,55909
130940697094441,130940697132897,38456, 0,38456
130940697160133,130940697195916,35783, 0,35783
130940697217186,130940697251282,34096, 0,34096
130940697278149,130940697312655,34506, 0,34506
130940697337143,130940697371031,33888, 0,33888
130940697392457,130940697432240,39783, 0,39783
130940697453861,130940697488205,34344, 0,34344
130940697513792,130940697551270,37478, 0,37478
130940697579015,130940697612838,33823, 0,33823
130940697634189,130940697667797,33608, 0,33608
130940697688418,130940697721999,33581, 0,33581
130940697742367,130940697776336,33969, 0,33969
130940697799785,130940697834020,34235, 0,34235
130940697855104,130940697891517,36413, 0,36413
130940697912841,130940697946471,33630, 0,33630
130940697967196,130940698001027,33831, 0,33831
130940698024617,130940698061369,36752, 0,36752
130940698082490,130940698115987,33497, 0,33497
130940698136479,130940698170118,33639, 0,33639
130940698190665,130940698224793,34128, 0,34128
130940698245242,130940698283115,37873, 0,37873
130940698303997,130940698337580,33583, 0,33583
130940698367414,130940698418645,51231, 0,51231
130940698452807,130940698516935,64128, 0,64128
130940698554215,130940698623526,69311, 0,69311
130940698663075,130940698733494,70419, 0,70419
130940698770326,130940698832945,62619, 0,62619
130940698868278,130940698936820,68542, 0,68542
130940698970557,130940699041053,70496, 0,70496
130940699078161,130940699155010,76849, 0,76849
130940699192332,130940699274320,81988, 0,81988
130940699312517,130940699349113,36596, 0,36596
130940699375938,130940699437787,61849, 0,61849
130940699474248,130940699522876,48628, 0,48628
130940699559250,130940699640792,81542, 0,81542
130940699678371,130940699761291,82920, 0,82920
130940699803723,130940699940657,136934, 0,136934
130940699979156,130940700073845,94689, 0,94689
130940700111412,130940700224671,113259, 0,113259
130940700265895,130940700330910,65015, 0,65015
130940700366478,130940700406354,39876, 0,39876
130940700429441,130940700464895,35454, 0,35454
130940700495349,130940700552495,57146, 0,57146
130940700581965,130940700617860,35895, 0,35895
130940700639942,130940700675044,35102, 0,35102
130940700695541,130940700729219,33678, 0,33678
130940700749905,130940700783448,33543, 0,33543
130940700804127,130940700841547,37420, 0,37420
130940700864233,130940700898339,34106, 0,34106
130940700918956,130940700952828,33872, 0,33872
130940700973212,130940701022168,48956, 0,48956
130940701044986,130940804619931,103574945, 0,103574945
130940804695988,130940804748764,52776, 0,52776
130940804777912,130940804814077,36165, 0,36165
130940804835947,130940804871094,35147, 0,35147
130940804891821,130940804925992,34171, 0,34171
130940804946466,130940804980497,34031, 0,34031
130940805000856,130940805040108,39252, 0,39252
130940805061932,130940805095984,34052, 0,34052
130940805116183,130940805150157,33974, 0,33974
130940805170234,130940805204134,33900, 0,33900
130940805223744,130940805261070,37326, 0,37326
130940805282044,130940805315993,33949, 0,33949
130940805335619,130940805424429,88810, 0,88810
130940805468738,130940805568517,99779, 0,99779
130940805595972,130940805632308,36336, 0,36336
130940805654684,130940805692753,38069, 0,38069
130940805714582,130940805748565,33983, 0,33983
130940805769568,130940805803665,34097, 0,34097
130940805824535,130940805858240,33705, 0,33705
130940805879057,130940805920524,41467, 0,41467
130940805942063,130940805976520,34457, 0,34457
130940805997363,130940806033895,36532, 0,36532
130940806056103,130940806090980,34877, 0,34877
130940806112533,130940806146842,34309, 0,34309
130940806167779,130940806204988,37209, 0,37209
130940806226098,130940806260376,34278, 0,34278
130940806280911,130940806315282,34371, 0,34371
130940806335954,130940806369925,33971, 0,33971
130940806390468,130940806428707,38239, 0,38239
130940806449608,130940806483189,33581, 0,33581
130940806632312,130940806679554,47242, 0,47242
130940806704979,130940806747530,42551, 0,42551
130940806769053,130940806814997,45944, 0,45944
130940806837118,130940806879184,42066, 0,42066
130940806900540,130940806952504,51964, 0,51964
130940806974618,130940807017200,42582, 0,42582
130940807042034,130940807096672,54638, 0,54638
130940807120723,130940807163453,42730, 0,42730
130940807184659,130940807226668,42009, 0,42009
130940807248308,130940807290110,41802, 0,41802
130940807311380,130940807360600,49220, 0,49220
130940807381950,130940807425060,43110, 0,43110
130940807446204,130940807488416,42212, 0,42212
130940807519715,130940807578935,59220, 0,59220
130940807609315,130940824605262,16995947, 0,16995947
130940824692874,130940825053837,360963, 0,360963
130940825088620,130940825460059,371439, 0,371439
130940825487823,130940825837878,350055, 0,350055
130940825862872,130940826225973,363101, 0,363101
130940826255174,130940826658927,403753, 0,403753
130940826699514,130940873267753,46568239, 0,46568239
130940873344968,130940891366790,18021822, 0,18021822
130940891448617,130940892402454,953837, 0,953837
130940892468416,130940893461974,993558, 0,993558
130940893519675,130940893557745,38070, 0,38070
130940893593403,130940893963477,370074, 0,370074
130940893991039,130940894915079,924040, 0,924040
130940894948379,130940895833611,885232, 0,885232
130940895859332,130940896891892,1032560, 0,1032560
130940896929333,130940897808164,878831, 0,878831
130940897834752,130940898182871,348119, 0,348119
130940898209203,130940898598998,389795, 0,389795
130940898630581,130940898871447,240866, 0,240866
130940898902924,130940899103513,200589, 0,200589
130940899129730,130940899253951,124221, 0,124221
130940899277971,130940899394115,116144, 0,116144
130940899416057,130940899461579,45522, 0,45522
130940899483781,130940899529034,45253, 0,45253
130940899550867,130940899593858,42991, 0,42991
130940899614735,130940899675842,61107, 0,61107
130940899704738,130940899751244,46506, 0,46506
130940899772767,130940899815944,43177, 0,43177
130940899837045,130940899880244,43199, 0,43199
130940899904636,130940899954706,50070, 0,50070
130940899976023,130940900018448,42425, 0,42425
130940900039799,130940900073954,34155, 0,34155
130940900094938,130940900137473,42535, 0,42535
130940900158308,130940900204203,45895, 0,45895
130940900225973,130940900285331,59358, 0,59358
130940900309569,130940900353800,44231, 0,44231
130940900498008,130940900551208,53200, 0,53200
130940900577573,130940900623730,46157, 0,46157
130940900646304,130940900689094,42790, 0,42790
130940900711271,130940900753541,42270, 0,42270
130940900775356,130940900823186,47830, 0,47830
130940900845075,130940900888461,43386, 0,43386
130940900909805,130940900952180,42375, 0,42375
130940900973099,130940901015107,42008, 0,42008
130940901036359,130940901081926,45567, 0,45567
130940901106242,130940901151423,45181, 0,45181
130940901173650,130940901216557,42907, 0,42907
130940901237634,130940901280142,42508, 0,42508
130940901301184,130940901346299,45115, 0,45115
130940901370715,130940901413735,43020, 0,43020
130940901434949,130940901816357,381408, 0,381408
130940901842050,130940902192317,350267, 0,350267
130940902216039,130940902666974,450935, 0,450935
130940902697355,130940903098532,401177, 0,401177
130940903122259,130940903469013,346754, 0,346754
130940903491696,130940903874001,382305, 0,382305
130940903898742,130940904876612,977870, 0,977870
130940904937020,130940905854565,917545, 0,917545
130940905914322,130940906800038,885716, 0,885716
130940906832823,130940908319932,1487109, 0,1487109
130940908383316,130940927413904,19030588, 0,19030588
130940927487304,130940928557154,1069850, 0,1069850
130940928601738,130940929949789,1348051, 0,1348051
130940930020874,130940931164576,1143702, 0,1143702
130940931226301,130940932457783,1231482, 0,1231482
130940932496059,130940933703099,1207040, 0,1207040
130940933737061,130940934185479,448418, 0,448418
130940934210894,130940934451590,240696, 0,240696
130940934480975,130940934796370,315395, 0,315395
130940934832944,130940935347918,514974, 0,514974
130940935404072,130940935639192,235120, 0,235120
130940935697495,130940935908961,211466, 0,211466
130940935959607,130940936136911,177304, 0,177304
130940936176704,130940936244294,67590, 0,67590
130940936276468,130940936403206,126738, 0,126738
130940936449621,130940936596922,147301, 0,147301
130940936633435,130940936774229,140794, 0,140794
130940936810003,130940936943719,133716, 0,133716
130940936979975,130940937121038,141063, 0,141063
130940937157823,130940937227828,70005, 0,70005
130940937258060,130940937397910,139850, 0,139850
130940937437270,130940937575483,138213, 0,138213
130940937610145,130940937749530,139385, 0,139385
130940937783784,130940937854239,70455, 0,70455
130940937886876,130940938020540,133664, 0,133664
130940938060771,130940938197201,136430, 0,136430
130940938248317,130940938388193,139876, 0,139876
130940938428433,130940938571293,142860, 0,142860
130940938606993,130940938745712,138719, 0,138719
130940938795258,130940938946239,150981, 0,150981
130940938981662,130940939115796,134134, 0,134134
130940939149832,130940939288623,138791, 0,138791
130940939320194,130940939451919,131725, 0,131725
130940939484966,130940939616651,131685, 0,131685
130940939650622,130940939785510,134888, 0,134888
130940939816769,130940939948670,131901, 0,131901
130940939979750,130940940111457,131707, 0,131707
130940940146615,130940940259495,112880, 0,112880
130940940283199,130940940336344,53145, 0,53145
130940940358181,130940940424322,66141, 0,66141
130940940448417,130940940897253,448836, 0,448836
130940940923873,130940941897955,974082, 0,974082
130940941953815,130940942465271,511456, 0,511456
130940942517607,130940943110359,592752, 0,592752
130940943161645,130940943687261,525616, 0,525616
130940943727040,130940945758573,2031533, 0,2031533
130940945792766,130940956229819,10437053, 0,10437053
130940956300445,130941001260484,44960039, 0,44960039
130941001360661,130941003753248,2392587, 0,2392587
130941003840477,130941010665610,6825133, 0,6825133
130941010747731,130941015078508,4330777, 0,4330777
130941015159863,130942111333985,1096174122, 0,1096174122
130942111425953,130942122149818,10723865, 0,10723865
130942122229686,130942125395397,3165711, 0,3165711
130942125483197,130942127805928,2322731, 0,2322731
130942127858176,130942132612997,4754821, 0,4754821
130942132693327,130942133361557,668230, 0,668230
130942133406474,130942134113655,707181, 0,707181
130942134157236,130942134605827,448591, 0,448591
130942134637435,130942134782758,145323, 0,145323
130942134813132,130942135191136,378004, 0,378004
130942135233705,130942135401925,168220, 0,168220
130942135430383,130942135475391,45008, 0,45008
130942135497586,130942135541542,43956, 0,43956
130942135563120,130942135606458,43338, 0,43338
130942135632028,130942135717640,85612, 0,85612
130942135758810,130942135851445,92635, 0,92635
130942135890323,130942135983456,93133, 0,93133
130942136019865,130942136099175,79310, 0,79310
130942136127712,130942136172872,45160, 0,45160
130942136195206,130942136238333,43127, 0,43127
130942136259887,130942136302875,42988, 0,42988
130942136324250,130942136366474,42224, 0,42224
130942136387615,130942136430661,43046, 0,43046
130942136452226,130942136522234,70008, 0,70008
130942136551671,130942136596908,45237, 0,45237
130942136784260,130942136925497,141237, 0,141237
130942136966225,130942137092542,126317, 0,126317
130942137124508,130942137249722,125214, 0,125214
130942137280825,130942137405428,124603, 0,124603
130942137436302,130942137560505,124203, 0,124203
130942137591748,130942137716279,124531, 0,124531
130942137747149,130942137871636,124487, 0,124487
130942137902976,130942138027876,124900, 0,124900
130942138060332,130942138185911,125579, 0,125579
130942138217454,130942138341416,123962, 0,123962
130942138372349,130942138497257,124908, 0,124908
130942138528096,130942138652295,124199, 0,124199
130942138683456,130942138807786,124330, 0,124330
130942138838925,130942138962739,123814, 0,123814
130942138993726,130942140169038,1175312, 0,1175312
130942140201852,130942141365636,1163784, 0,1163784
130942141399443,130942143010730,1611287, 0,1611287
130942143102181,130942145319808,2217627, 0,2217627
130942145397502,130942147812136,2414634, 0,2414634
130942147869280,130942150191231,2321951, 0,2321951
130942150339781,130942158406595,8066814, 0,8066814
130942158486105,130942164313245,5827140, 0,5827140
130942164397177,130942170544568,6147391, 0,6147391
130942170622382,130942182565436,11943054, 0,11943054
130942182643781,130942187285509,4641728, 0,4641728
130942187378603,130942196605777,9227174, 0,9227174
130942196691828,130942200855395,4163567, 0,4163567
130942200930347,130942220042203,19111856, 0,19111856
130942220136635,130942258784877,38648242, 0,38648242
130942258869076,130942269358331,10489255, 0,10489255
130942269457224,130942276148224,6691000, 0,6691000
130942276248934,130942283257109,7008175, 0,7008175
130942283333474,130942285920918,2587444, 0,2587444
130942285964668,130942286988130,1023462, 0,1023462
130942287038306,130942288290459,1252153, 0,1252153
130942288373761,130942288593330,219569, 0,219569
130942288626547,130942288755033,128486, 0,128486
130942288778566,130942288905123,126557, 0,126557
130942288927389,130942288970136,42747, 0,42747
130942288990983,130942289033969,42986, 0,42986
130942289054699,130942289096881,42182, 0,42182
130942289117620,130942289160660,43040, 0,43040
130942289181352,130942289223440,42088, 0,42088
130942289243993,130942289286247,42254, 0,42254
130942289307476,130942289349883,42407, 0,42407
130942289370408,130942289412552,42144, 0,42144
130942289432761,130942289474627,41866, 0,41866
130942289494790,130942289537818,43028, 0,43028
130942289557979,130942289600166,42187, 0,42187
130942289621100,130942289663141,42041, 0,42041
130942289683629,130942289725334,41705, 0,41705
130942289745693,130942289787910,42217, 0,42217
130942289974543,130942290104090,129547, 0,129547
130942290139722,130942290276203,136481, 0,136481
130942290309419,130942290434440,125021, 0,125021
130942290465544,130942290589891,124347, 0,124347
130942290620975,130942290745557,124582, 0,124582
130942290777991,130942290922088,144097, 0,144097
130942290965368,130942291092715,127347, 0,127347
130942291125198,130942291249822,124624, 0,124624
130942291281036,130942291399389,118353, 0,118353
130942291435177,130942291563700,128523, 0,128523
130942291597580,130942291722560,124980, 0,124980
130942291753346,130942291877490,124144, 0,124144
130942291908634,130942292032573,123939, 0,123939
130942292063555,130942292187182,123627, 0,123627
130942292217822,130942292943635,725813, 0,725813
130942292971267,130942293774017,802750, 0,802750
130942293825189,130942294953389,1128200, 0,1128200
130942295028602,130942295817567,788965, 0,788965
130942295861549,130942296971912,1110363, 0,1110363
130942297021325,130942299482411,2461086, 0,2461086
130942299543417,130942306764028,7220611, 0,7220611
130942306868145,130942312703120,5834975, 0,5834975
130942312793538,130942319109483,6315945, 0,6315945
130942319195201,130942319260658,65457, 0,65457
130942319305810,130942325273225,5967415, 0,5967415
130942325352369,130942325415353,62984, 0,62984
130942325457438,130942329976830,4519392, 0,4519392
130942330072963,130942336601456,6528493, 0,6528493
130942336704710,130942340866051,4161341, 0,4161341
130942340946741,130942347814211,6867470, 0,6867470
130942347887586,130942353814093,5926507, 0,5926507
130942353877660,130942356538835,2661175, 0,2661175
130942356623243,130942368286890,11663647, 0,11663647
130942368360633,130942374022042,5661409, 0,5661409
130942374129193,130942377009271,2880078, 0,2880078
130942377073852,130942377954363,880511, 0,880511
130942377997507,130942378841882,844375, 0,844375
130942378871747,130942379003214,131467, 0,131467
130942379027127,130942379156198,129071, 0,129071
130942379187837,130942379346347,158510, 0,158510
130942379380461,130942379616193,235732, 0,235732
130942379662026,130942379775170,113144, 0,113144
130942379821152,130942379995028,173876, 0,173876
130942380026923,130942380073452,46529, 0,46529
130942380096334,130942380144236,47902, 0,47902
130942380166358,130942380209674,43316, 0,43316
130942380230959,130942380289463,58504, 0,58504
130942380312889,130942380359179,46290, 0,46290
130942380383540,130942380427140,43600, 0,43600
130942380448835,130942380491517,42682, 0,42682
130942380512621,130942380556203,43582, 0,43582
130942380576915,130942380623302,46387, 0,46387
130942380644933,130942380690623,45690, 0,45690
130942380711936,130942380755116,43180, 0,43180
130942380893524,130942380941538,48014, 0,48014
130942380967071,130942381014328,47257, 0,47257
130942381038718,130942381082469,43751, 0,43751
130942381103819,130942381146707,42888, 0,42888
130942381168111,130942381213749,45638, 0,45638
130942381235399,130942381280655,45256, 0,45256
130942381302554,130942381344916,42362, 0,42362
130942381366552,130942381409057,42505, 0,42505
130942381429973,130942381475263,45290, 0,45290
130942381496739,130942381542081,45342, 0,45342
130942381563427,130942381605605,42178, 0,42178
130942381626482,130942381667998,41516, 0,41516
130942381689552,130942381734480,44928, 0,44928
130942381755785,130942382420145,664360, 0,664360
130942382454226,130942383108815,654589, 0,654589
130942383145274,130942383786958,641684, 0,641684
130942383815211,130942384834564,1019353, 0,1019353
130942384902441,130942385735289,832848, 0,832848
130942385790335,130942386904029,1113694, 0,1113694
130942386965597,130942388485219,1519622, 0,1519622
130942388574563,130942393730293,5155730, 0,5155730
130942393820902,130942400114955,6294053, 0,6294053
130942400185947,130942400273461,87514, 0,87514
130942400320665,130942405678549,5357884, 0,5357884
130942405743485,130942408054902,2311417, 0,2311417
130942408114970,130942413461150,5346180, 0,5346180
130942413539670,130942420999099,7459429, 0,7459429
130942421085774,130942425068001,3982227, 0,3982227
130942425147130,130942432087945,6940815, 0,6940815
130942432162520,130942450229044,18066524, 0,18066524
130942450313099,130942456626237,6313138, 0,6313138
130942456723887,130942463291994,6568107, 0,6568107
130942463387104,130942477383471,13996367, 0,13996367
130942477457987,130942484324656,6866669, 0,6866669
130942484414034,130942488289828,3875794, 0,3875794
130942488386404,130942489386376,999972, 0,999972
130942489431469,130942490441799,1010330, 0,1010330
130942490474702,130942490622875,148173, 0,148173
130942490647710,130942490798170,150460, 0,150460
130942490821716,130942491056799,235083, 0,235083
130942491086267,130942491140650,54383, 0,54383
130942491166130,130942491214764,48634, 0,48634
130942491236693,130942491287488,50795, 0,50795
130942491309503,130942491360672,51169, 0,51169
130942491382604,130942491431425,48821, 0,48821
130942491453396,130942491504051,50655, 0,50655
130942491527860,130942491576176,48316, 0,48316
130942491601270,130942491649430,48160, 0,48160
130942491670606,130942491719807,49201, 0,49201
130942491741162,130942491791807,50645, 0,50645
130942491815628,130942491864986,49358, 0,49358
130942491886151,130942491938670,52519, 0,52519
130942491960033,130942492008814,48781, 0,48781
130942492032984,130942492084244,51260, 0,51260
130942492224074,130942492280055,55981, 0,55981
130942492313696,130942492383066,69370, 0,69370
130942492413343,130942492479429,66086, 0,66086
130942492509078,130942492577996,68918, 0,68918
130942492607389,130942492673154,65765, 0,65765
130942492706021,130942492770650,64629, 0,64629
130942492805769,130942492939355,133586, 0,133586
130942492982868,130942493105411,122543, 0,122543
130942493142075,130942493277813,135738, 0,135738
130942493310182,130942493442269,132087, 0,132087
130942493474462,130942493619169,144707, 0,144707
130942493655100,130942493791113,136013, 0,136013
130942493825838,130942493961138,135300, 0,135300
130942493993363,130942494126843,133480, 0,133480
130942494159400,130942495643949,1484549, 0,1484549
130942495680676,130942496405937,725261, 0,725261
130942496435375,130942497372854,937479, 0,937479
130942497402150,130942498315173,913023, 0,913023
130942498356109,130942499863166,1507057, 0,1507057
130942499949780,130942502114381,2164601, 0,2164601
130942502193778,130942507512824,5319046, 0,5319046
130942507596808,130942507704140,107332, 0,107332
130942507783065,130942512539303,4756238, 0,4756238
130942512630630,130942517993213,5362583, 0,5362583
130942518068693,130942520102524,2033831, 0,2033831
130942520178713,130942527786420,7607707, 0,7607707
130942527847797,130942532419881,4572084, 0,4572084
130942532496142,130942539342886,6846744, 0,6846744
130942539413653,130942610845554,71431901, 0,71431901
130942610914526,130942615084950,4170424, 0,4170424
130942615173920,130942625906933,10733013, 0,10733013
130942625973354,130942631191566,5218212, 0,5218212
130942631247675,130942636594153,5346478, 0,5346478
130942636645711,130942641976617,5330906, 0,5330906
130942642041818,130942646001993,3960175, 0,3960175
130942646056940,130942650139244,4082304, 0,4082304
130942650178860,130942652818524,2639664, 0,2639664
130942652893568,130942654485380,1591812, 0,1591812
130942654528553,130942655385974,857421, 0,857421
130942655419353,130942655799891,380538, 0,380538
130942655835705,130942655998265,162560, 0,162560
130942656030299,130942656173736,143437, 0,143437
130942656203867,130942656263805,59938, 0,59938
130942656292467,130942656413179,120712, 0,120712
130942656447123,130942656570055,122932, 0,122932
130942656609835,130942656733396,123561, 0,123561
130942656772339,130942656870630,98291, 0,98291
130942656915351,130942656979850,64499, 0,64499
130942657022246,130942657090692,68446, 0,68446
130942657118569,130942657163192,44623, 0,44623
130942657185314,130942657227888,42574, 0,42574
130942657249139,130942657291852,42713, 0,42713
130942657312745,130942657355532,42787, 0,42787
130942657376801,130942657420378,43577, 0,43577
130942657441304,130942657483295,41991, 0,41991
130942657503523,130942657596231,92708, 0,92708
130942657733167,130942657780530,47363, 0,47363
130942657805480,130942657848635,43155, 0,43155
130942657870625,130942657924024,53399, 0,53399
130942657947745,130942658001394,53649, 0,53649
130942658024590,130942658139877,115287, 0,115287
130942658172790,130942658226847,54057, 0,54057
130942658250136,130942658364797,114661, 0,114661
130942658397196,130942658524718,127522, 0,127522
130942658557133,130942658611530,54397, 0,54397
130942658635112,130942658683942,48830, 0,48830
130942658709006,130942658757544,48538, 0,48538
130942658791230,130942658918136,126906, 0,126906
130942658950978,130942659023505,72527, 0,72527
130942659047116,130942659688177,641061, 0,641061
130942659714232,130942660354380,640148, 0,640148
130942660380482,130942661012906,632424, 0,632424
130942661037804,130942661828424,790620, 0,790620
130942661854364,130942662642601,788237, 0,788237
130942662668293,130942664300009,1631716, 0,1631716
130942664338381,130942666151075,1812694, 0,1812694
130942666224566,130942673535491,7310925, 0,7310925
130942673633093,130942679029602,5396509, 0,5396509
130942679089311,130942683337433,4248122, 0,4248122
130942683408207,130942689071120,5662913, 0,5662913
130942689124993,130942697677679,8552686, 0,8552686
130942697732308,130942703962602,6230294, 0,6230294
130942704004993,130942714479518,10474525, 0,10474525
130942714516360,130942720183133,5666773, 0,5666773
130942720279789,130942726671729,6391940, 0,6391940
130942726717298,130942730301227,3583929, 0,3583929
130942730337584,130942736008443,5670859, 0,5670859
130942736040266,130942740348654,4308388, 0,4308388
130942740380424,130942746077251,5696827, 0,5696827
130942746111117,130942748327697,2216580, 0,2216580
130942748361391,130942767778778,19417387, 0,19417387
130942767847970,130942770829873,2981903, 0,2981903
130942770864675,130942772476866,1612191, 0,1612191
130942772506978,130942773429293,922315, 0,922315
130942773461739,130942773736295,274556, 0,274556
130942773765692,130942773905384,139692, 0,139692
130942773930098,130942774065382,135284, 0,135284
130942774089465,130942774225149,135684, 0,135684
130942774249076,130942774294682,45606, 0,45606
130942774322691,130942774380483,57792, 0,57792
130942774412747,130942774540052,127305, 0,127305
130942774572489,130942774699676,127187, 0,127187
130942774731960,130942774859235,127275, 0,127275
130942774891458,130942775018630,127172, 0,127172
130942775051350,130942775105470,54120, 0,54120
130942775128891,130942775181259,52368, 0,52368
130942775210446,130942775262900,52454, 0,52454
130942775286275,130942775338515,52240, 0,52240
130942775362032,130942775477255,115223, 0,115223
130942775509841,130942775636709,126868, 0,126868
130942775669118,130942775796782,127664, 0,127664
130942775973596,130942776102317,128721, 0,128721
130942776137611,130942776197668,60057, 0,60057
130942776225469,130942776278948,53479, 0,53479
130942776302738,130942776355636,52898, 0,52898
130942776379112,130942776430895,51783, 0,51783
130942776459510,130942776521285,61775, 0,61775
130942776549871,130942776670678,120807, 0,120807
130942776704867,130942776827768,122901, 0,122901
130942776861229,130942776938240,77011, 0,77011
130942776967486,130942777027377,59891, 0,59891
130942777056785,130942777115920,59135, 0,59135
130942777145205,130942777205487,60282, 0,60282
130942777234613,130942777294405,59792, 0,59792
130942777323389,130942777383339,59950, 0,59950
130942777412251,130942779358298,1946047, 0,1946047
130942779396651,130942781348615,1951964, 0,1951964
130942781404467,130942782529798,1125331, 0,1125331
130942782605226,130942784655678,2050452, 0,2050452
130942784786214,130942786420984,1634770, 0,1634770
130942786530269,130942789753922,3223653, 0,3223653
130942789852981,130942794171977,4318996, 0,4318996
130942794254286,130942798622237,4367951, 0,4367951
130942798694415,130942803955043,5260628, 0,5260628
130942804048003,130942809987834,5939831, 0,5939831
130942810062844,130942819692146,9629302, 0,9629302
130942819768561,130942825914682,6146121, 0,6146121
130942826001559,130942840451222,14449663, 0,14449663
130942840550301,130942851885338,11335037, 0,11335037
130942851996202,130942859118406,7122204, 0,7122204
130942859188987,130942866381399,7192412, 0,7192412
130942866435014,130942871851820,5416806, 0,5416806
130942871892756,130942876628315,4735559, 0,4735559
130942876663518,130942880867886,4204368, 0,4204368
130942880902735,130942883034403,2131668, 0,2131668
130942883099836,130942884598000,1498164, 0,1498164
130942884652184,130942885336236,684052, 0,684052
130942885373524,130942885777347,403823, 0,403823
130942885814507,130942885978491,163984, 0,163984
130942886009591,130942886077068,67477, 0,67477
130942886109200,130942886173599,64399, 0,64399
130942886202694,130942886271624,68930, 0,68930
130942886303627,130942886368346,64719, 0,64719
130942886399602,130942886532353,132751, 0,132751
130942886566187,130942886700173,133986, 0,133986
130942886733792,130942886866511,132719, 0,132719
130942886902359,130942886973436,71077, 0,71077
130942887003030,130942887132747,129717, 0,129717
130942887165989,130942887266945,100956, 0,100956
130942887305142,130942887376802,71660, 0,71660
130942887409478,130942887474131,64653, 0,64653
130942887503300,130942887568839,65539, 0,65539
130942887600274,130942887730900,130626, 0,130626
130942887908162,130942888045057,136895, 0,136895
130942888080892,130942888149547,68655, 0,68655
130942888181518,130942888314814,133296, 0,133296
130942888348569,130942888481171,132602, 0,132602
130942888514687,130942888649437,134750, 0,134750
130942888685929,130942888815692,129763, 0,129763
130942888849104,130942888978736,129632, 0,129632
130942889011988,130942889146241,134253, 0,134253
130942889179633,130942889310659,131026, 0,131026
130942889343970,130942889410612,66642, 0,66642
130942889441465,130942889507043,65578, 0,65578
130942889538582,130942889668938,130356, 0,130356
130942889702338,130942889835326,132988, 0,132988
130942889868691,130942890915011,1046320, 0,1046320
130942890947914,130942891699442,751528, 0,751528
130942891730618,130942892473954,743336, 0,743336
130942892504972,130942894134307,1629335, 0,1629335
130942894168670,130942895294415,1125745, 0,1125745
130942895349497,130942898012500,2663003, 0,2663003
130942898105556,130942901094606,2989050, 0,2989050
130942901253012,130942908149446,6896434, 0,6896434
130942908224533,130942971242622,63018089, 0,63018089
130942971320854,130942976192393,4871539, 0,4871539
130942976265183,130942982135282,5870099, 0,5870099
130942982194353,130942985992196,3797843, 0,3797843
130942986076275,130942994760374,8684099, 0,8684099
130942994830318,130943001365280,6534962, 0,6534962
130943001437207,130943018356407,16919200, 0,16919200
130943018445583,130943033272786,14827203, 0,14827203
130943033342145,130943047371125,14028980, 0,14028980
130943047444551,130943062836726,15392175, 0,15392175
130943062917911,130943068486021,5568110, 0,5568110
130943068535621,130943073817095,5281474, 0,5281474
130943073850793,130943077498201,3647408, 0,3647408
130943077529852,130943081597210,4067358, 0,4067358
130943081632160,130943085309146,3676986, 0,3676986
130943085372477,130943087816460,2443983, 0,2443983
130943087896713,130943089533869,1637156, 0,1637156
130943089577966,130943089994241,416275, 0,416275
130943090048150,130943090234483,186333, 0,186333
130943090291932,130943090544950,253018, 0,253018
130943090594115,130943090865313,271198, 0,271198
130943090932323,130943091021493,89170, 0,89170
130943091066332,130943091153316,86984, 0,86984
130943091189729,130943091273513,83784, 0,83784
130943091306345,130943091394785,88440, 0,88440
130943091432150,130943091516734,84584, 0,84584
130943091552499,130943091639083,86584, 0,86584
130943091675439,130943091759789,84350, 0,84350
130943091795321,130943091881299,85978, 0,85978
130943091917427,130943092002534,85107, 0,85107
130943092045365,130943092130452,85087, 0,85087
130943092175195,130943092260674,85479, 0,85479
130943092298038,130943092384368,86330, 0,86330
130943092419364,130943092504464,85100, 0,85100
130943092540853,130943092627784,86931, 0,86931
130943092840180,130943092939275,99095, 0,99095
130943092988429,130943093077876,89447, 0,89447
130943093119355,130943093206547,87192, 0,87192
130943093248234,130943093331280,83046, 0,83046
130943093368215,130943093451554,83339, 0,83339
130943093488279,130943093568351,80072, 0,80072
130943093617310,130943093702421,85111, 0,85111
130943093739576,130943093824746,85170, 0,85170
130943093859961,130943093950020,90059, 0,90059
130943093990578,130943094084485,93907, 0,93907
130943094131517,130943094217048,85531, 0,85531
130943094260521,130943094344855,84334, 0,84334
130943094385099,130943094471136,86037, 0,86037
130943094510537,130943094595414,84877, 0,84877
130943094637262,130943095991249,1353987, 0,1353987
130943096098984,130943097303935,1204951, 0,1204951
130943097402280,130943098318160,915880, 0,915880
130943098386210,130943100074572,1688362, 0,1688362
130943100186728,130943102340895,2154167, 0,2154167
130943102453210,130943104080790,1627580, 0,1627580
130943104166662,130943112226099,8059437, 0,8059437
130943112352664,130943121381506,9028842, 0,9028842
130943121483020,130943130520779,9037759, 0,9037759
130943130650149,130943142140991,11490842, 0,11490842
130943142258332,130943151226797,8968465, 0,8968465
130943151326317,130943160520124,9193807, 0,9193807
130943160634753,130943171706431,11071678, 0,11071678
130943171830608,130943177039611,5209003, 0,5209003
130943177106133,130943180100394,2994261, 0,2994261
130943180180534,130943185952295,5771761, 0,5771761
130943186000127,130943189164062,3163935, 0,3163935
130943189196886,130943194019555,4822669, 0,4822669
130943194051658,130943197533857,3482199, 0,3482199
130943197578419,130943200977689,3399270, 0,3399270
130943201020347,130943202421190,1400843, 0,1400843
130943202453672,130943203551337,1097665, 0,1097665
130943203583851,130943204171582,587731, 0,587731
130943204195967,130943204321047,125080, 0,125080
130943204343334,130943204469371,126037, 0,126037
130943204491479,130943204615600,124121, 0,124121
130943204637137,130943204679963,42826, 0,42826
130943204700833,130943204790685,89852, 0,89852
130943204811795,130943204854636,42841, 0,42841
130943204875602,130943204918822,43220, 0,43220
130943204939881,130943204982209,42328, 0,42328
130943205002875,130943205045506,42631, 0,42631
130943205066199,130943205108742,42543, 0,42543
130943205129548,130943205172376,42828, 0,42828
130943205192946,130943205235331,42385, 0,42385
130943205255974,130943205297891,41917, 0,41917
130943205318241,130943205360938,42697, 0,42697
130943205381514,130943205447031,65517, 0,65517
130943205472261,130943205516290,44029, 0,44029
130943205537426,130943205579884,42458, 0,42458
130943205711591,130943205759842,48251, 0,48251
130943205785267,130943205829333,44066, 0,44066
130943205850872,130943205893489,42617, 0,42617
130943205914572,130943205957099,42527, 0,42527
130943205977858,130943206020394,42536, 0,42536
130943206041127,130943206083685,42558, 0,42558
130943206104719,130943206146898,42179, 0,42179
130943206168626,130943206211318,42692, 0,42692
130943206232393,130943206274310,41917, 0,41917
130943206294917,130943206337001,42084, 0,42084
130943206358027,130943206400883,42856, 0,42856
130943206421764,130943206463632,41868, 0,41868
130943206484578,130943206526565,41987, 0,41987
130943206547478,130943207143136,595658, 0,595658
130943207167264,130943207749071,581807, 0,581807
130943207772040,130943208353465,581425, 0,581425
130943208376577,130943208958305,581728, 0,581728
130943208980954,130943209561410,580456, 0,580456
130943209584150,130943211093739,1509589, 0,1509589
130943211122322,130943211936351,814029, 0,814029
130943211960876,130943213158325,1197449, 0,1197449
130943213194541,130943215434349,2239808, 0,2239808
130943215536610,130943217293445,1756835, 0,1756835
130943217373367,130943220566027,3192660, 0,3192660
130943220635954,130943223766607,3130653, 0,3130653
130943223845276,130943226599315,2754039, 0,2754039
130943226639815,130943229493920,2854105, 0,2854105
130943229535251,130943231473697,1938446, 0,1938446
130943231512236,130943233006252,1494016, 0,1494016
130943233043317,130943234503785,1460468, 0,1460468
130943234534703,130943235437158,902455, 0,902455
130943235466852,130943236046426,579574, 0,579574
130943236070425,130943236275585,205160, 0,205160
130943236298244,130943236422576,124332, 0,124332
130943236444363,130943236569335,124972, 0,124972
130943236591438,130943236715927,124489, 0,124489
130943236737284,130943236779754,42470, 0,42470
130943236801521,130943236844166,42645, 0,42645
130943236865742,130943236916785,51043, 0,51043
130943236939095,130943236981459,42364, 0,42364
130943237002535,130943237044677,42142, 0,42142
130943237065912,130943237108284,42372, 0,42372
130943237129017,130943237171192,42175, 0,42175
130943237191972,130943237233574,41602, 0,41602
130943237254722,130943237296425,41703, 0,41703
130943237317253,130943237359073,41820, 0,41820
130943237380129,130943237422168,42039, 0,42039
130943237442790,130943237485306,42516, 0,42516
130943237506022,130943237547622,41600, 0,41600
130943237568080,130943237610054,41974, 0,41974
130943237655873,130943237760558,104685, 0,104685
130943237787636,130943237832409,44773, 0,44773
130943237854436,130943237897717,43281, 0,43281
130943237918551,130943237961983,43432, 0,43432
130943237982954,130943238025971,43017, 0,43017
130943238046578,130943238088953,42375, 0,42375
130943238110064,130943238152848,42784, 0,42784
130943238173465,130943238215631,42166, 0,42166
130943238236276,130943238278624,42348, 0,42348
130943238299339,130943238341452,42113, 0,42113
130943238362275,130943238404429,42154, 0,42154
130943238425062,130943238467432,42370, 0,42370
130943238487907,130943238530929,43022, 0,43022
130943238551663,130943238593204,41541, 0,41541
130943238613945,130943239313270,699325, 0,699325
130943239344571,130943239940965,596394, 0,596394
130943239971811,130943240574328,602517, 0,602517
130943240609606,130943241191272,581666, 0,581666
130943241217982,130943242047999,830017, 0,830017
130943242075526,130943242893150,817624, 0,817624
130943242919035,130943243872679,953644, 0,953644
130943243900419,130943244837380,936961, 0,936961
130943244863838,130943245963491,1099653, 0,1099653
130943246006908,130943247064788,1057880, 0,1057880
130943247115363,130943248082012,966649, 0,966649
130943248121105,130943249361213,1240108, 0,1240108
130943249395047,130943250646924,1251877, 0,1251877
130943250681621,130943251855974,1174353, 0,1174353
130943251889728,130943252681475,791747, 0,791747
130943252713499,130943253293832,580333, 0,580333
130943253325499,130943253703275,377776, 0,377776
130943253734171,130943254097728,363557, 0,363557
130943254127419,130943254336788,209369, 0,209369
130943254366697,130943254575257,208560, 0,208560
130943254605009,130943254741346,136337, 0,136337
130943254770678,130943254905876,135198, 0,135198
130943254936085,130943254995771,59686, 0,59686
130943255024992,130943255146792,121800, 0,121800
130943255181342,130943255304302,122960, 0,122960
130943255338013,130943255461367,123354, 0,123354
130943255495378,130943255554895,59517, 0,59517
130943255584407,130943255705764,121357, 0,121357
130943255739399,130943255999077,259678, 0,259678
130943256032828,130943256092667,59839, 0,59839
130943256122125,130943256243339,121214, 0,121214
130943256277013,130943256399982,122969, 0,122969
130943256433726,130943256527832,94106, 0,94106
130943256558559,130943256619472,60913, 0,60913
130943256648801,130943256709156,60355, 0,60355
130943256738529,130943256858219,119690, 0,119690
130943257042485,130943257172303,129818, 0,129818
130943257208574,130943257269667,61093, 0,61093
130943257299623,130943257360266,60643, 0,60643
130943257389330,130943257509641,120311, 0,120311
130943257543974,130943257604384,60410, 0,60410
130943257633268,130943257693257,59989, 0,59989
130943257722501,130943257782056,59555, 0,59555
130943257811023,130943257870827,59804, 0,59804
130943257899725,130943258021083,121358, 0,121358
130943258054906,130943258177373,122467, 0,122467
130943258210974,130943258270009,59035, 0,59035
130943258298421,130943258358264,59843, 0,59843
130943258387971,130943258510137,122166, 0,122166
130943258543521,130943258602101,58580, 0,58580
130943258637291,130943259063935,426644, 0,426644
130943259100637,130943259376008,275371, 0,275371
130943259406986,130943259993986,587000, 0,587000
130943260023781,130943260587310,563529, 0,563529
130943260618515,130943261455108,836593, 0,836593
130943261487130,130943261764884,277754, 0,277754
130943261794961,130943262070816,275855, 0,275855
130943262100901,130943262377035,276134, 0,276134
130943262407076,130943262954601,547525, 0,547525
130943262984922,130943263555830,570908, 0,570908
130943263593852,130943265274899,1681047, 0,1681047
130943265369602,130943265743072,373470, 0,373470
130943265804957,130943266692575,887618, 0,887618
130943266782959,130943268010556,1227597, 0,1227597
130943268079082,130943269804869,1725787, 0,1725787
130943269866301,130943270872316,1006015, 0,1006015
130943270962389,130943271246376,283987, 0,283987
130943271291566,130943271577162,285596, 0,285596
130943271619881,130943271985789,365908, 0,365908
130943272033606,130943272403193,369587, 0,369587
130943272448074,130943272950110,502036, 0,502036
130943272988000,130943273113048,125048, 0,125048
130943273147578,130943273271014,123436, 0,123436
130943273306177,130943273430506,124329, 0,124329
130943273464818,130943273591513,126695, 0,126695
130943273622359,130943273682822,60463, 0,60463
130943273715936,130943273775577,59641, 0,59641
130943273808655,130943273854437,45782, 0,45782
130943273878568,130943273921668,43100, 0,43100
130943273943171,130943273986142,42971, 0,42971
130943274007699,130943274050254,42555, 0,42555
130943274071093,130943274113460,42367, 0,42367
130943274134407,130943274176427,42020, 0,42020
130943274197445,130943274239539,42094, 0,42094
130943274260477,130943274302987,42510, 0,42510
130943274323902,130943274366037,42135, 0,42135
130943274405410,130943274468496,63086, 0,63086
130943274498600,130943274558468,59868, 0,59868
130943274587822,130943274708036,120214, 0,120214
130943274742267,130943274865815,123548, 0,123548
130943274899723,130943274958836,59113, 0,59113
130943274988454,130943275110630,122176, 0,122176
130943275144884,130943275267789,122905, 0,122905
130943275301535,130943275424523,122988, 0,122988
130943275458402,130943275581721,123319, 0,123319
130943275615361,130943275738369,123008, 0,123008
130943275771996,130943275895604,123608, 0,123608
130943275928928,130943276051717,122789, 0,122789
130943276087393,130943276211096,123703, 0,123703
130943276244738,130943276367710,122972, 0,122972
130943276401369,130943277012274,610905, 0,610905
130943277050944,130943277806828,755884, 0,755884
130943277843119,130943278129702,286583, 0,286583
130943278161068,130943278445879,284811, 0,284811
130943278476778,130943278763562,286784, 0,286784
130943278794078,130943279076089,282011, 0,282011
130943279105553,130943279392081,286528, 0,286528
130943279421634,130943279718901,297267, 0,297267
130943279749946,130943280051438,301492, 0,301492
130943280082354,130943280496476,414122, 0,414122
130943280528517,130943280847909,319392, 0,319392
130943280878948,130943281194295,315347, 0,315347
130943281224936,130943281758399,533463, 0,533463
130943281805651,130943282289885,484234, 0,484234
130943282334420,130943282673666,339246, 0,339246
130943282715471,130943283035768,320297, 0,320297
130943283072089,130943283395919,323830, 0,323830
130943283431039,130943283832452,401413, 0,401413
130943283865080,130943284109762,244682, 0,244682
130943284143284,130943284385437,242153, 0,242153
130943284416153,130943284570732,154579, 0,154579
130943284607340,130943284760129,152789, 0,152789
130943284793106,130943284859118,66012, 0,66012
130943284888447,130943284954081,65634, 0,65634
130943284985047,130943285117363,132316, 0,132316
130943285154817,130943285285262,130445, 0,130445
130943285321342,130943285455376,134034, 0,134034
130943285489595,130943285618914,129319, 0,129319
130943285652505,130943285789082,136577, 0,136577
130943285825943,130943285961782,135839, 0,135839
130943285996133,130943286062018,65885, 0,65885
130943286091082,130943286160942,69860, 0,69860
130943286193286,130943286256873,63587, 0,63587
130943286286003,130943286417367,131364, 0,131364
130943286451533,130943286582578,131045, 0,131045
130943286616646,130943286753493,136847, 0,136847
130943286803059,130943286947783,144724, 0,144724
130943286997626,130943287132106,134480, 0,134480
130943287167468,130943287298390,130922, 0,130922
130943287330161,130943287467546,137385, 0,137385
130943287499273,130943287634189,134916, 0,134916
130943287666069,130943287800444,134375, 0,134375
130943287832290,130943287968715,136425, 0,136425
130943288000395,130943288132186,131791, 0,131791
130943288166029,130943288298347,132318, 0,132318
130943288331831,130943288462848,131017, 0,131017
130943288494514,130943288627704,133190, 0,133190
130943288659006,130943288794195,135189, 0,135189
130943288825801,130943288960591,134790, 0,134790
130943288992403,130943289123625,131222, 0,131222
130943289157505,130943289999171,841666, 0,841666
130943290032262,130943290475788,443526, 0,443526
130943290501440,130943290803385,301945, 0,301945
130943290827078,130943291129756,302678, 0,302678
130943291153287,130943292187907,1034620, 0,1034620
130943292220620,130943292525098,304478, 0,304478
130943292549545,130943292852729,303184, 0,303184
130943292876548,130943293180146,303598, 0,303598
130943293203112,130943293504752,301640, 0,301640
130943293530282,130943293829099,298817, 0,298817
130943293866589,130943294165734,299145, 0,299145
130943294190962,130943294489142,298180, 0,298180
130943294512487,130943294812610,300123, 0,300123
130943294838168,130943295132123,293955, 0,293955
130943295157297,130943295455017,297720, 0,297720
130943295478007,130943295778883,300876, 0,300876
130943295801943,130943296102103,300160, 0,300160
130943296125181,130943296348064,222883, 0,222883
130943296372953,130943296598803,225850, 0,225850
130943296621392,130943356348932,59727540, 0,59727540
130943356431641,130943356651426,219785, 0,219785
130943356691247,130943356968110,276863, 0,276863
130943356995188,130943357039667,44479, 0,44479
130943357062835,130943357106655,43820, 0,43820
130943357128234,130943357171530,43296, 0,43296
130943357195772,130943357238382,42610, 0,42610
130943357259551,130943357302341,42790, 0,42790
130943357323832,130943357366997,43165, 0,43165
130943357387842,130943357430219,42377, 0,42377
130943357451222,130943357494049,42827, 0,42827
130943357515513,130943357557833,42320, 0,42320
130943357579464,130943357621629,42165, 0,42165
130943357642531,130943357767342,124811, 0,124811
130943357800902,130943357847557,46655, 0,46655
130943357869429,130943357912541,43112, 0,43112
130943357933951,130943357976519,42568, 0,42568
130943358104243,130943358152037,47794, 0,47794
130943358176979,130943358211609,34630, 0,34630
130943358233287,130943358275993,42706, 0,42706
130943358297595,130943358332505,34910, 0,34910
130943358353921,130943358396623,42702, 0,42702
130943358418211,130943358452104,33893, 0,33893
130943358473357,130943358515700,42343, 0,42343
130943358536658,130943358578665,42007, 0,42007
130943358599848,130943358642028,42180, 0,42180
130943358663047,130943358696503,33456, 0,33456
130943358717568,130943358760197,42629, 0,42629
130943358780963,130943358814967,34004, 0,34004
130943358836452,130943358879374,42922, 0,42922
130943358900822,130943358942888,42066, 0,42066
130943358964091,130943358998107,34016, 0,34016
130943359019128,130943359283399,264271, 0,264271
130943359306894,130943359564393,257499, 0,257499
130943359587884,130943359859315,271431, 0,271431
130943359887862,130943359923247,35385, 0,35385
130943359944479,130943360442694,498215, 0,498215
130943360475742,130943360791806,316064, 0,316064
130943360822311,130943361129390,307079, 0,307079
130943361158493,130943361419004,260511, 0,260511
130943361443636,130943361703305,259669, 0,259669
130943361726622,130943361836826,110204, 0,110204
130943361859013,130943361968125,109112, 0,109112
130943361990209,130943362249630,259421, 0,259421
130943362272416,130943362530029,257613, 0,257613
130943362553278,130943362810852,257574, 0,257574
130943362833285,130943363146553,313268, 0,313268
130943363169464,130943363426267,256803, 0,256803
130943363449095,130943363648890,199795, 0,199795
130943363672661,130943363708110,35449, 0,35449
130943363728786,130943363919931,191145, 0,191145
130943363941808,130943364057189,115381, 0,115381
130943364078872,130943364194160,115288, 0,115288
130943364220564,130943364255821,35257, 0,35257
130943364287068,130943364330609,43541, 0,43541
130943364351577,130943364394577,43000, 0,43000
130943364415422,130943364458279,42857, 0,42857
130943364478779,130943364513584,34805, 0,34805
130943364534423,130943364577405,42982, 0,42982
130943364608780,130943364679888,71108, 0,71108
130943364720444,130943364851850,131406, 0,131406
130943364888142,130943364935427,47285, 0,47285
130943364958785,130943365056202,97417, 0,97417
130943365096377,130943365224472,128095, 0,128095
130943365262326,130943365389526,127200, 0,127200
130943365421592,130943365517479,95887, 0,95887
130943365544436,130943365589459,45023, 0,45023
130943365619848,130943365654962,35114, 0,35114
130943365676553,130943365743541,66988, 0,66988
130943365776376,130943365829204,52828, 0,52828
130943365856392,130943365892493,36101, 0,36101
130943365914702,130943365950585,35883, 0,35883
130943365972254,130943366007674,35420, 0,35420
130943366029925,130943366065195,35270, 0,35270
130943366086432,130943366148584,62152, 0,62152
130943366184672,130943366229728,45056, 0,45056
130943366256812,130943366325650,68838, 0,68838
130943366361953,130943366430157,68204, 0,68204
130943366470694,130943366511073,40379, 0,40379
130943366535866,130943366571513,35647, 0,35647
130943366592862,130943366628303,35441, 0,35441
130943366649423,130943366683824,34401, 0,34401
130943366705120,130943366739360,34240, 0,34240
130943366759907,130943366794240,34333, 0,34333
130943366815955,130943366850244,34289, 0,34289
130943366871349,130943366945003,73654, 0,73654
130943366974319,130943367053282,78963, 0,78963
130943367099591,130943367195549,95958, 0,95958
130943367238876,130943367327584,88708, 0,88708
130943367364255,130943367431235,66980, 0,66980
130943367466460,130943367541184,74724, 0,74724
130943367581107,130943367693143,112036, 0,112036
130943367738826,130943367813856,75030, 0,75030
130943367853761,130943367930481,76720, 0,76720
130943367969329,130943368045220,75891, 0,75891
130943368085002,130943368164233,79231, 0,79231
130943368206131,130943368304124,97993, 0,97993
130943368346526,130943368446620,100094, 0,100094
130943368483467,130943368580806,97339, 0,97339
130943368612672,130943368710124,97452, 0,97452
130943368741819,130943368847556,105737, 0,105737
130943368882113,130943368942664,60551, 0,60551
130943368966749,130943369012362,45613, 0,45613
130943369036055,130943369088332,52277, 0,52277
130943369121031,130943369178821,57790, 0,57790
130943369202382,130943369247594,45212, 0,45212
130943369271420,130943369322134,50714, 0,50714
130943369355681,130943369454382,98701, 0,98701
130943369486758,130943369586029,99271, 0,99271
130943369618381,130943369718998,100617, 0,100617
130943369751831,130943369851166,99335, 0,99335
130943369884268,130943369983364,99096, 0,99096
130943370015645,130943370115496,99851, 0,99851
130943370148719,130943370256135,107416, 0,107416
130943370281470,130943370326522,45052, 0,45052
130943370349683,130943370384360,34677, 0,34677
130943370404965,130943370471717,66752, 0,66752
130943370512379,130943370612068,99689, 0,99689
130943370645004,130943370744226,99222, 0,99222
130943370778539,130943370872852,94313, 0,94313
130943370907741,130943371013226,105485, 0,105485
130943371058744,130943371167465,108721, 0,108721
130943371205638,130943371276551,70913, 0,70913
130943371314922,130943371411019,96097, 0,96097
130943371445406,130943371539432,94026, 0,94026
130943371573061,130943371667444,94383, 0,94383
130943371701141,130943371752221,51080, 0,51080
130943371781136,130943371874321,93185, 0,93185
130943371908208,130943372001848,93640, 0,93640
130943372035922,130943372129893,93971, 0,93971
130943372163332,130943372256976,93644, 0,93644
130943372292955,130943372349004,56049, 0,56049
130943372375289,130943372410479,35190, 0,35190
130943372435380,130943372507432,72052, 0,72052
130943372543948,130943372771642,227694, 0,227694
130943372813510,130943372913447,99937, 0,99937
130943372956824,130943373030861,74037, 0,74037
130943373073473,130943373179195,105722, 0,105722
130943373222370,130943373290682,68312, 0,68312
130943373327943,130943373402470,74527, 0,74527
130943373440075,130943373534174,94099, 0,94099
130943373593770,130943373684198,90428, 0,90428
130943373730803,130943373829963,99160, 0,99160
130943373863240,130943373960300,97060, 0,97060
130943373991445,130943374088068,96623, 0,96623
130943374119140,130943374216192,97052, 0,97052
130943374247736,130943374344442,96706, 0,96706
130943374375896,130943374472635,96739, 0,96739
130943374503957,130943374600607,96650, 0,96650
130943374632076,130943374728678,96602, 0,96602
130943374759934,130943374856351,96417, 0,96417
130943374887231,130943374983324,96093, 0,96093
130943375014619,130943375110874,96255, 0,96255
130943375142193,130943375238603,96410, 0,96410
130943375270184,130943375366098,95914, 0,95914
130943375397087,130943375493277,96190, 0,96190
130943375524434,130943375621136,96702, 0,96702
130943375652351,130943375748394,96043, 0,96043
130943375779434,130943375876642,97208, 0,97208
130943375907825,130943376004550,96725, 0,96725
130943376035429,130943376132030,96601, 0,96601
130943376162849,130943376259827,96978, 0,96978
130943376291298,130943376387282,95984, 0,95984
130943376418246,130943376514875,96629, 0,96629
130943376545665,130943376641894,96229, 0,96229
130943376672921,130943376769129,96208, 0,96208
130943376800233,130943376896704,96471, 0,96471
130943376945216,130943376983363,38147, 0,38147
130943377006090,130943377041153,35063, 0,35063
130943377062493,130943377096637,34144, 0,34144
130943377117794,130943377151990,34196, 0,34196
130943377172459,130943377206179,33720, 0,33720
130943377226746,130943377261022,34276, 0,34276
130943377281620,130943377315083,33463, 0,33463
130943377336407,130943377370111,33704, 0,33704
130943377390904,130943377424782,33878, 0,33878
130943377445418,130943377479449,34031, 0,34031
130943377499946,130943377533838,33892, 0,33892
130943377554272,130943377587808,33536, 0,33536
130943377612206,130943377646527,34321, 0,34321
130943377667136,130943377700980,33844, 0,33844
130943377721788,130943377755897,34109, 0,34109
130943377776436,130943377810542,34106, 0,34106
130943377831101,130943377865029,33928, 0,33928
130943377885838,130943377919368,33530, 0,33530
130943377940105,130943377974069,33964, 0,33964
130943377994626,130943378028316,33690, 0,33690
130943378048929,130943378082619,33690, 0,33690
130943378103246,130943378136977,33731, 0,33731
130943378157510,130943378190947,33437, 0,33437
130943378211615,130943378246001,34386, 0,34386
130943378267182,130943378322768,55586, 0,55586
130943378362108,130943378463992,101884, 0,101884
130943378499367,130943378603507,104140, 0,104140
130943378638481,130943378736038,97557, 0,97557
130943378771580,130943378857748,86168, 0,86168
130943378886441,130943378942494,56053, 0,56053
130943378968838,130943379004379,35541, 0,35541
130943379026345,130943379060935,34590, 0,34590
130943379082344,130943379117626,35282, 0,35282
130943379139228,130943379205940,66712, 0,66712
130943379244399,130943379309813,65414, 0,65414
130943379346237,130943379413919,67682, 0,67682
130943379454309,130943379506186,51877, 0,51877
130943379531806,130943379568157,36351, 0,36351
130943379590236,130943379624662,34426, 0,34426
130943379645480,130943379679864,34384, 0,34384
130943379700658,130943379734968,34310, 0,34310
130943379756310,130943379791030,34720, 0,34720
130943379812109,130943379846502,34393, 0,34393
130943379867644,130943379901743,34099, 0,34099
130943379922515,130943379957505,34990, 0,34990
130943379978215,130943380012757,34542, 0,34542
130943380033602,130943380068025,34423, 0,34423
130943380088710,130943380122758,34048, 0,34048
130943380143534,130943380177685,34151, 0,34151
130943380198674,130943380233153,34479, 0,34479
130943380277718,130943380314487,36769, 0,36769
130943380336664,130943380370225,33561, 0,33561
130943380391686,130943380425615,33929, 0,33929
130943380446791,130943380481060,34269, 0,34269
130943380501895,130943380536900,35005, 0,35005
130943380557715,130943380591954,34239, 0,34239
130943380612691,130943380646712,34021, 0,34021
130943380667497,130943380711861,44364, 0,44364
130943380735493,130943380770190,34697, 0,34697
130943380791557,130943380825498,33941, 0,33941
130943380846244,130943380880501,34257, 0,34257
130943380901373,130943380935212,33839, 0,33839
130943380961152,130943380995827,34675, 0,34675
130943381024102,130943381058422,34320, 0,34320
130943381079653,130943381113638,33985, 0,33985
130943381134665,130943381168615,33950, 0,33950
130943381189366,130943381223399,34033, 0,34033
130943381244232,130943381278501,34269, 0,34269
130943381299038,130943381333340,34302, 0,34302
130943381354243,130943381388476,34233, 0,34233
130943381408796,130943381442814,34018, 0,34018
130943381463451,130943381497602,34151, 0,34151
130943381517911,130943381552184,34273, 0,34273
130943381572608,130943381607038,34430, 0,34430
130943381627513,130943381661268,33755, 0,33755
130943381682074,130943381716171,34097, 0,34097
130943381736584,130943381770228,33644, 0,33644
130943381791198,130943381825532,34334, 0,34334
130943381845949,130943381927764,81815, 0,81815
130943381948967,130943381983207,34240, 0,34240
130943382004066,130943382038113,34047, 0,34047
130943382058596,130943382092333,33737, 0,33737
130943382112539,130943382147211,34672, 0,34672
130943382167491,130943382201349,33858, 0,33858
130943382221634,130943382255413,33779, 0,33779
130943382275583,130943382309433,33850, 0,33850
130943382330136,130943382364406,34270, 0,34270
130943382385190,130943382418682,33492, 0,33492
130943382439634,130943382473735,34101, 0,34101
130943382494780,130943382528443,33663, 0,33663
130943382548942,130943382583101,34159, 0,34159
130943382603733,130943382638013,34280, 0,34280
130943382658554,130943382692286,33732, 0,33732
130943382712503,130943382746614,34111, 0,34111
130943382766889,130943382800692,33803, 0,33803
130943382821027,130943382854871,33844, 0,33844
130943382875193,130943382908888,33695, 0,33695
130943382929236,130943382963153,33917, 0,33917
130943382983177,130943383016874,33697, 0,33697
130943383037105,130943383070846,33741, 0,33741
130943383096140,130943383130293,34153, 0,34153
130943383151348,130943383185343,33995, 0,33995
130943383205600,130943383239101,33501, 0,33501
130943383259274,130943383293088,33814, 0,33814
130943383313683,130943383347926,34243, 0,34243
130943383368271,130943383401751,33480, 0,33480
130943383422247,130943383456585,34338, 0,34338
130943383477302,130943383511078,33776, 0,33776
130943383531656,130943383565218,33562, 0,33562
130943383597524,130943383633831,36307, 0,36307
130943383655498,130943383689600,34102, 0,34102
130943383710362,130943383744907,34545, 0,34545
130943383765236,130943383799624,34388, 0,34388
130943383819909,130943383853839,33930, 0,33930
130943383874310,130943383908114,33804, 0,33804
130943383929093,130943383963048,33955, 0,33955
130943383983420,130943384017203,33783, 0,33783
130943384037540,130943384071986,34446, 0,34446
130943384093169,130943384127022,33853, 0,33853
130943384147493,130943384181142,33649, 0,33649
130943384201396,130943384235280,33884, 0,33884
130943384255720,130943384289384,33664, 0,33664
130943384310286,130943384386357,76071, 0,76071
130943384432796,130943384539602,106806, 0,106806
130943384578246,130943384647676,69430, 0,69430
130943384680696,130943384742938,62242, 0,62242
130943384780748,130943384819737,38989, 0,38989
130943384843852,130943384879070,35218, 0,35218
130943384900458,130943384935018,34560, 0,34560
130943384955959,130943384990018,34059, 0,34059
130943385010961,130943385044611,33650, 0,33650
130943385065870,130943385099786,33916, 0,33916
130943385120340,130943385154514,34174, 0,34174
130943385175346,130943385209940,34594, 0,34594
130943385230815,130943385264805,33990, 0,33990
130943385285307,130943385318918,33611, 0,33611
130943385339619,130943385373441,33822, 0,33822
130943385394053,130943385427966,33913, 0,33913
130943385448284,130943385482235,33951, 0,33951
130943385502679,130943385536357,33678, 0,33678
130943385556623,130943385590167,33544, 0,33544
130943385610788,130943385644902,34114, 0,34114
130943385665187,130943385699034,33847, 0,33847
130943385719744,130943385753160,33416, 0,33416
130943385773855,130943385807539,33684, 0,33684
130943385827887,130943385861572,33685, 0,33685
130943385881821,130943385915307,33486, 0,33486
130943385935510,130943385969025,33515, 0,33515
130943385989647,130943386023273,33626, 0,33626
130943386043332,130943386077341,34009, 0,34009
130943386104277,130943386138370,34093, 0,34093
130943386163902,130943386197697,33795, 0,33795
130943386224235,130943386258492,34257, 0,34257
130943386279337,130943386313136,33799, 0,33799
130943386333785,130943386367484,33699, 0,33699
130943386388139,130943386421281,33142, 0,33142
130943386441666,130943386475205,33539, 0,33539
130943386495748,130943386529667,33919, 0,33919
130943386550126,130943386583512,33386, 0,33386
130943386603637,130943386636672,33035, 0,33035
130943386657560,130943386691309,33749, 0,33749
130943386712052,130943386745526,33474, 0,33474
130943386765856,130943386799038,33182, 0,33182
130943386819317,130943386852690,33373, 0,33373
130943386872861,130943386917774,44913, 0,44913
130943386944313,130943386980251,35938, 0,35938
130943387001706,130943387035799,34093, 0,34093
130943387056883,130943387091016,34133, 0,34133
130943387111988,130943387145781,33793, 0,33793
130943387166645,130943387208551,41906, 0,41906
130943387244105,130943387283581,39476, 0,39476
130943387306134,130943387340645,34511, 0,34511
130943387369880,130943387404376,34496, 0,34496
130943387425142,130943387459001,33859, 0,33859
130943387479720,130943387514116,34396, 0,34396
130943387534941,130943387568970,34029, 0,34029
130943387589433,130943387623182,33749, 0,33749
130943387643650,130943387677728,34078, 0,34078
130943387698221,130943387731875,33654, 0,33654
130943387752240,130943387785840,33600, 0,33600
130943387806116,130943387839799,33683, 0,33683
130943387860345,130943387894769,34424, 0,34424
130943387915299,130943387949277,33978, 0,33978
130943387969800,130943388003241,33441, 0,33441
130943388023819,130943388057247,33428, 0,33428
130943388077463,130943388111206,33743, 0,33743
130943388131450,130943388165299,33849, 0,33849
130943388185711,130943388219068,33357, 0,33357
130943388239159,130943388272490,33331, 0,33331
130943388292841,130943388374104,81263, 0,81263
130943388395359,130943388429800,34441, 0,34441
130943388450232,130943388484051,33819, 0,33819
130943388504575,130943388538404,33829, 0,33829
130943388558785,130943388592842,34057, 0,34057
130943388613151,130943388646982,33831, 0,33831
130943388667245,130943388700826,33581, 0,33581
130943388720991,130943388754989,33998, 0,33998
130943388775187,130943388809223,34036, 0,34036
130943388829424,130943388863302,33878, 0,33878
130943388883579,130943388917253,33674, 0,33674
