130940183232473,130940632176415,448943942,18124737,430819205
130940638357008,130940665459456,27102448,0,27102448
130940665534823,130940665613877,79054,0,79054
130940665636497,130940665680227,43730,0,43730
130940665698316,130940665739268,40952,0,40952
130940665756947,130940665797714,40767,0,40767
130940665813705,130940665856498,42793,0,42793
130940665873848,130940665912995,39147,0,39147
130940665928848,130940665968686,39838,0,39838
130940665984756,130940666026454,41698,0,41698
130940666042989,130940666203064,160075,0,160075
130940666225295,130940666266494,41199,0,41199
130940666283711,130940666322820,39109,0,39109
130940666339223,130940666378581,39358,0,39358
130940666395663,130940666434072,38409,0,38409
130940666450426,130940666492299,41873,0,41873
130940666509162,130940666548454,39292,0,39292
130940666565266,130940666771559,206293,0,206293
130940666790686,130940666831975,41289,0,41289
130940666848725,130940666891504,42779,0,42779
130940666920671,130940666965519,44848,0,44848
130940666983179,130940667022908,39729,0,39729
130940667039464,130940667078117,38653,0,38653
130940667093672,130940667131438,37766,0,37766
130940667147467,130940667192388,44921,0,44921
130940667208984,130940667250450,41466,0,41466
130940667266607,130940667306890,40283,0,40283
130940667322712,130940667363516,40804,0,40804
130940667381837,130940667425562,43725,0,43725
130940667441690,130940667480669,38979,0,38979
130940667496500,130940667534864,38364,0,38364
130940667550413,130940667589362,38949,0,38949
130940667605381,130940667665458,60077,0,60077
130940667686749,130940667741582,54833,0,54833
130940667760014,130940667810012,49998,0,49998
130940667827630,130940667877440,49810,0,49810
130940667895099,130940667944268,49169,0,49169
130940667962172,130940668046974,84802,0,84802
130940668072863,130940668190891,118028,0,118028
130940668215761,130940668329561,113800,0,113800
130940668353162,130940668467626,114464,0,114464
130940668493311,130940668619564,126253,0,126253
130940668645548,130940668760702,115154,0,115154
130940668784952,130940668894388,109436,0,109436
130940668917172,130940668987206,70034,0,70034
130940669005119,130940669055879,50760,0,50760
130940669073561,130940669140440,66879,0,66879
130940669164418,130940669235031,70613,0,70613
130940669254388,130940669315081,60693,0,60693
130940669338288,130940669446718,108430,0,108430
130940684109696,130940684365420,255724,0,255724
130940684422993,130940684477891,54898,0,54898
130940684505776,130940684551598,45822,0,45822
130940684574688,130940684616614,41926,0,41926
130940684638685,130940684683336,44651,0,44651
130940684708779,130940684827025,118246,0,118246
130940684850393,130940684959759,109366,0,109366
130940684982579,130940685059878,77299,0,77299
130940685078330,130940685170833,92503,0,92503
130940685193568,130940685302812,109244,0,109244
130940685325594,130940685439006,113412,0,113412
130940685462321,130940685571113,108792,0,108792
130940685593737,130940685705375,111638,0,111638
130940685728309,130940685839089,110780,0,110780
130940685861698,130940685938478,76780,0,76780
130940685960237,130940686042018,81781,0,81781
130940686067295,130940686136627,69332,0,69332
130940686157317,130940686215573,58256,0,58256
130940686243166,130940686321760,78594,0,78594
130940686349433,130940686440769,91336,0,91336
130940686469720,130940686573430,103710,0,103710
130940686604511,130940686701466,96955,0,96955
130940686729869,130940686838548,108679,0,108679
130940686860955,130940686981893,120938,0,120938
130940687005100,130940687119808,114708,0,114708
130940687144139,130940687253926,109787,0,109787
130940687276706,130940687386998,110292,0,110292
130940687410267,130940687522707,112440,0,112440
130940687545952,130940687671935,125983,0,125983
130940687696187,130940687805825,109638,0,109638
130940687829087,130940687940084,110997,0,110997
130940687963173,130940688072357,109184,0,109184
130940688096683,130940688209151,112468,0,112468
130940688232196,130940688343923,111727,0,111727
130940688366880,130940688479336,112456,0,112456
130940688502435,130940688611101,108666,0,108666
130940688633731,130940688742379,108648,0,108648
130940688765282,130940688876679,111397,0,111397
130940688905184,130940689013598,108414,0,108414
130940689043026,130940689154466,111440,0,111440
130940689178012,130940689286804,108792,0,108792
130940689310437,130940689422745,112308,0,112308
130940689446175,130940689559612,113437,0,113437
130940689582838,130940689691653,108815,0,108815
130940689714368,130940689823085,108717,0,108717
130940689846079,130940689957654,111575,0,111575
130940689981087,130940690090290,109203,0,109203
130940690117764,130940690267767,150003,0,150003
130940690307172,130940690380197,73025,0,73025
130940690400918,130940690446529,45611,0,45611
130940690475868,130940690520443,44575,0,44575
130940690538473,130940690577886,39413,0,39413
130940690594918,130940690633603,38685,0,38685
130940690655028,130940690733415,78387,0,78387
130940690758456,130940690844178,85722,0,85722
130940690869826,130940690935421,65595,0,65595
130940690955440,130940691021761,66321,0,66321
130940691047120,130940691135944,88824,0,88824
130940691159728,130940691247599,87871,0,87871
130940691268427,130940691361315,92888,0,92888
130940691388256,130940691454375,66119,0,66119
130940691475607,130940691517353,41746,0,41746
130940691533945,130940691574568,40623,0,40623
130940691590594,130940691634182,43588,0,43588
130940691650320,130940691692833,42513,0,42513
130940691709078,130940691747888,38810,0,38810
130940691763677,130940691803445,39768,0,39768
130940691819070,130940691857966,38896,0,38896
130940691874076,130940691915911,41835,0,41835
130940691932264,130940691990089,57825,0,57825
130940692013228,130940692057845,44617,0,44617
130940692074477,130940692116930,42453,0,42453
130940692133348,130940692179224,45876,0,45876
130940692195438,130940692235299,39861,0,39861
130940692251199,130940692290636,39437,0,39437
130940692306531,130940692344991,38460,0,38460
130940692361345,130940692400216,38871,0,38871
130940692416957,130940692459057,42100,0,42100
130940692476041,130940692564162,88121,0,88121
130940692580946,130940692622725,41779,0,41779
130940692639376,130940692678183,38807,0,38807
130940692694022,130940692736308,42286,0,42286
130940692752974,130940692806002,53028,0,53028
130940692824772,130940692885995,61223,0,61223
130940692908871,130940692991169,82298,0,82298
130940693020164,130940693096509,76345,0,76345
130940693124356,130940693215379,91023,0,91023
130940693242898,130940693329728,86830,0,86830
130940693355753,130940693427142,71389,0,71389
130940693454140,130940693532823,78683,0,78683
130940693561090,130940693663187,102097,0,102097
130940693691785,130940693781157,89372,0,89372
130940693808841,130940693894215,85374,0,85374
130940693920641,130940694000625,79984,0,79984
130940694028231,130940694112791,84560,0,84560
130940694139536,130940694220280,80744,0,80744
130940694249401,130940694335625,86224,0,86224
130940694363826,130940694452634,88808,0,88808
130940694478537,130940694555620,77083,0,77083
130940694583100,130940694668204,85104,0,85104
130940694705756,130940694815468,109712,0,109712
130940694839106,130940694945960,106854,0,106854
130940694968039,130940695078158,110119,0,110119
130940695106425,130940695183182,76757,0,76757
130940695209124,130940695279635,70511,0,70511
130940695302881,130940695367189,64308,0,64308
130940695389828,130940695501627,111799,0,111799
130940695526780,130940695639703,112923,0,112923
130940695665427,130940695781760,116333,0,116333
130940695806883,130940695924831,117948,0,117948
130940695949564,130940696062327,112763,0,112763
130940696087474,130940696198922,111448,0,111448
130940696224399,130940696347352,122953,0,122953
130940696377632,130940696501973,124341,0,124341
130940696526856,130940696634168,107312,0,107312
130940696662826,130940696736538,73712,0,73712
130940696762423,130940696860814,98391,0,98391
130940696887245,130940696983356,96111,0,96111
130940697009151,130940697071769,62618,0,62618
130940697090843,130940697136845,46002,0,46002
130940697156437,130940697197844,41407,0,41407
130940697213880,130940697253057,39177,0,39177
130940697271918,130940697316316,44398,0,44398
130940697333920,130940697372725,38805,0,38805
130940697389320,130940697433990,44670,0,44670
130940697450714,130940697489863,39149,0,39149
130940697510525,130940697553237,42712,0,42712
130940697575729,130940697614618,38889,0,38889
130940697631092,130940697669482,38390,0,38390
130940697685284,130940697723694,38410,0,38410
130940697739261,130940697778036,38775,0,38775
130940697793630,130940697835743,42113,0,42113
130940697851967,130940697893290,41323,0,41323
130940697909723,130940697948144,38421,0,38421
130940697964012,130940698005138,41126,0,41126
130940698021228,130940698063050,41822,0,41822
130940698079205,130940698117607,38402,0,38402
130940698133284,130940698171703,38419,0,38419
130940698187616,130940698226378,38762,0,38762
130940698242097,130940698284751,42654,0,42654
130940698300875,130940698339196,38321,0,38321
130940698360849,130940698421199,60350,0,60350
130940698447387,130940698520009,72622,0,72622
130940698547851,130940698626941,79090,0,79090
130940698656171,130940698736557,80386,0,80386
130940698764357,130940698836044,71687,0,71687
130940698862209,130940698939651,77442,0,77442
130940698964743,130940699044198,79455,0,79455
130940699071906,130940699158360,86454,0,86454
130940699185736,130940699276957,91221,0,91221
130940699308437,130940699353838,45401,0,45401
130940699372402,130940699440852,68450,0,68450
130940699469602,130940699526545,56943,0,56943
130940699553339,130940699644342,91003,0,91003
130940699672215,130940699764748,92533,0,92533
130940699795639,130940699944721,149082,0,149082
130940699971730,130940700077700,105970,0,105970
130940700103472,130940700228683,125211,0,125211
130940700261357,130940700335378,74021,0,74021
130940700361897,130940700408446,46549,0,46549
130940700425956,130940700466724,40768,0,40768
130940700489477,130940700555145,65668,0,65668
130940700575781,130940700619865,44084,0,44084
130940700636652,130940700676799,40147,0,40147
130940700692416,130940700730890,38474,0,38474
130940700746821,130940700785095,38274,0,38274
130940700801055,130940700844879,43824,0,43824
130940700861082,130940700900021,38939,0,38939
130940700915824,130940700954388,38564,0,38564
130940700970155,130940701024243,54088,0,54088
130940701041638,130940804627221,103585583,0,103585583
130940804684807,130940804751513,66706,0,66706
130940804773519,130940804815928,42409,0,42409
130940804832615,130940804872869,40254,0,40254
130940804888600,130940804927674,39074,0,39074
130940804943307,130940804982093,38786,0,38786
130940804997673,130940805041855,44182,0,44182
130940805058657,130940805097647,38990,0,38990
130940805113065,130940805151776,38711,0,38711
130940805167163,130940805205687,38524,0,38524
130940805220787,130940805262705,41918,0,41918
130940805278894,130940805317629,38735,0,38735
130940805332614,130940805430227,97613,0,97613
130940805459892,130940805571095,111203,0,111203
130940805591902,130940805634195,42293,0,42293
130940805651322,130940805694568,43246,0,43246
130940805711310,130940805750293,38983,0,38983
130940805766386,130940805805262,38876,0,38876
130940805821420,130940805859900,38480,0,38480
130940805875840,130940805922341,46501,0,46501
130940805938949,130940805978219,39270,0,39270
130940805994150,130940806035642,41492,0,41492
130940806052543,130940806092660,40117,0,40117
130940806109184,130940806148480,39296,0,39296
130940806164608,130940806206694,42086,0,42086
130940806222822,130940806262036,39214,0,39214
130940806277826,130940806316905,39079,0,39079
130940806332898,130940806371524,38626,0,38626
130940806387462,130940806430428,42966,0,42966
130940806446589,130940806487253,40664,0,40664
130940806627276,130940806681813,54537,0,54537
130940806701623,130940806749410,47787,0,47787
130940806765909,130940806816911,51002,0,51002
130940806833978,130940806880961,46983,0,46983
130940806897413,130940806954292,56879,0,56879
130940806971538,130940807018929,47391,0,47391
130940807035197,130940807098588,63391,0,63391
130940807117238,130940807165159,47921,0,47921
130940807181484,130940807228288,46804,0,46804
130940807245157,130940807291842,46685,0,46685
130940807308193,130940807362318,54125,0,54125
130940807378849,130940807426800,47951,0,47951
130940807443050,130940807490049,46999,0,46999
130940807511220,130940807581388,70168,0,70168
130940807605624,130940824612431,17006807,0,17006807
130940824680196,130940825056983,376787,0,376787
130940825082371,130940825462569,380198,0,380198
130940825483764,130940825840359,356595,0,356595
130940825859067,130940826229798,370731,0,370731
130940826251200,130940826662388,411188,0,411188
130940826693252,130940873274816,46581564,0,46581564
130940873333891,130940891374038,18040147,0,18040147
130940891436763,130940892406590,969827,0,969827
130940892453376,130940893467672,1014296,0,1014296
130940893510732,130940893562620,51888,0,51888
130940893588964,130940893966116,377152,0,377152
130940893986535,130940894917980,931445,0,931445
130940894942880,130940895836211,893331,0,893331
130940895855290,130940896895198,1039908,0,1039908
130940896923998,130940897810709,886711,0,886711
130940897830746,130940898187140,356394,0,356394
130940898205525,130940898601799,396274,0,396274
130940898626093,130940898874585,248492,0,248492
130940898898129,130940899105810,207681,0,207681
130940899125595,130940899255881,130286,0,130286
130940899274369,130940899395890,121521,0,121521
130940899412758,130940899463387,50629,0,50629
130940899480577,130940899530875,50298,0,50298
130940899547635,130940899595554,47919,0,47919
130940899611588,130940899678938,67350,0,67350
130940899700501,130940899753119,52618,0,52618
130940899769525,130940899817713,48188,0,48188
130940899833722,130940899884785,51063,0,51063
130940899901360,130940899956425,55065,0,55065
130940899972841,130940900020393,47552,0,47552
130940900036579,130940900075691,39112,0,39112
130940900091701,130940900139127,47426,0,47426
130940900155163,130940900205811,50648,0,50648
130940900222729,130940900287425,64696,0,64696
130940900305947,130940900355507,49560,0,49560
130940900492319,130940900553518,61199,0,61199
130940900574277,130940900625759,51482,0,51482
130940900643256,130940900690795,47539,0,47539
130940900708043,130940900755428,47385,0,47385
130940900772257,130940900824804,52547,0,52547
130940900841844,130940900890133,48289,0,48289
130940900906722,130940900953873,47151,0,47151
130940900970028,130940901016861,46833,0,46833
130940901033191,130940901085848,52657,0,52657
130940901103178,130940901153321,50143,0,50143
130940901170295,130940901218420,48125,0,48125
130940901234459,130940901281814,47355,0,47355
130940901298057,130940901350062,52005,0,52005
130940901367424,130940901415416,47992,0,47992
130940901431871,130940901818527,386656,0,386656
130940901838084,130940902194337,356253,0,356253
130940902212443,130940902669695,457252,0,457252
130940902692855,130940903100660,407805,0,407805
130940903118731,130940903471066,352335,0,352335
130940903488336,130940903876273,387937,0,387937
130940903895110,130940904881894,986784,0,986784
130940904928565,130940905859489,930924,0,930924
130940905901814,130940906802829,901015,0,901015
130940906826845,130940908326320,1499475,0,1499475
130940908371750,130940927421165,19049415,0,19049415
130940927476421,130940928561075,1084654,0,1084654
130940928594386,130940929957807,1363421,0,1363421
130940930008737,130940931168610,1159873,0,1159873
130940931214856,130940932461265,1246409,0,1246409
130940932490127,130940933706053,1215926,0,1215926
130940933732002,130940934187920,455918,0,455918
130940934206961,130940934454116,247155,0,247155
130940934476812,130940934798579,321767,0,321767
130940934826011,130940935354722,528711,0,528711
130940935394843,130940935642882,248039,0,248039
130940935685983,130940935912356,226373,0,226373
130940935946024,130940936139675,193651,0,193651
130940936167457,130940936246707,79250,0,79250
130940936269684,130940936407848,138164,0,138164
130940936440236,130940936600694,160458,0,160458
130940936626633,130940936777846,151213,0,151213
130940936803025,130940936946497,143472,0,143472
130940936970254,130940937126139,155885,0,155885
130940937151280,130940937230106,78826,0,78826
130940937252300,130940937403966,151666,0,151666
130940937430866,130940937579127,148261,0,148261
130940937604110,130940937753082,148972,0,148972
130940937777439,130940937856481,79042,0,79042
130940937877987,130940938024173,146186,0,146186
130940938053777,130940938200808,147031,0,147031
130940938241181,130940938391793,150612,0,150612
130940938422488,130940938574963,152475,0,152475
130940938600114,130940938751714,151600,0,151600
130940938787215,130940938950082,162867,0,162867
130940938975362,130940939119254,143892,0,143892
130940939143774,130940939292074,148300,0,148300
130940939314254,130940939456816,142562,0,142562
130940939479017,130940939620071,141054,0,141054
130940939641901,130940939788938,147037,0,147037
130940939810804,130940939952065,141261,0,141261
130940939973855,130940940115018,141163,0,141163
130940940138812,130940940261702,122890,0,122890
130940940279624,130940940338258,58634,0,58634
130940940354860,130940940426433,71573,0,71573
130940940444763,130940940899381,454618,0,454618
130940940917639,130940941905682,988043,0,988043
130940941945720,130940942469809,524089,0,524089
130940942506984,130940943114981,607997,0,607997
130940943153308,130940943691404,538096,0,538096
130940943719785,130940945761655,2041870,0,2041870
130940945786923,130940956236377,10449454,0,10449454
130940956289522,130941001267809,44978287,16898665,28079622
130941001343469,130941003760811,2417342,0,2417342
130941003824101,130941010672755,6848654,0,6848654
130941010731832,130941015085673,4353841,0,4353841
130941015143427,130942111342114,1096198687,14016291,1082182396
130942111409414,130942122156769,10747355,0,10747355
130942122214953,130942125403002,3188049,0,3188049
130942125466716,130942127809506,2342790,0,2342790
130942127846460,130942132620232,4773772,0,4773772
130942132679888,130942133364818,684930,0,684930
130942133396015,130942134116214,720199,0,720199
130942134150594,130942134608272,457678,0,457678
130942134631846,130942134785038,153192,0,153192
130942134807894,130942135194709,386815,0,386815
130942135227219,130942135404577,177358,0,177358
130942135426402,130942135477311,50909,0,50909
130942135493955,130942135543439,49484,0,49484
130942135559854,130942135608268,48414,0,48414
130942135624778,130942135720933,96155,0,96155
130942135751717,130942135854831,103114,0,103114
130942135884522,130942135986659,102137,0,102137
130942136013253,130942136101993,88740,0,88740
130942136123658,130942136174901,51243,0,51243
130942136192039,130942136240178,48139,0,48139
130942136256647,130942136304718,48071,0,48071
130942136321105,130942136368293,47188,0,47188
130942136384428,130942136432470,48042,0,48042
130942136449052,130942136524469,75417,0,75417
130942136547988,130942136598962,50974,0,50974
130942136776628,130942136931509,154881,0,154881
130942136959952,130942137096057,136105,0,136105
130942137118547,130942137253101,134554,0,134554
130942137275003,130942137408810,133807,0,133807
130942137430452,130942137563892,133440,0,133440
130942137585916,130942137719607,133691,0,133691
130942137741290,130942137874991,133701,0,133701
130942137897101,130942138031292,134191,0,134191
130942138053870,130942138189321,135451,0,135451
130942138211572,130942138344752,133180,0,133180
130942138366502,130942138500608,134106,0,134106
130942138522338,130942138655635,133297,0,133297
130942138677654,130942138811173,133519,0,133519
130942138832934,130942138966100,133166,0,133166
130942138987909,130942140172604,1184695,0,1184695
130942140195737,130942141369341,1173604,0,1173604
130942141393328,130942143019415,1626087,0,1626087
130942143087736,130942145327622,2239886,0,2239886
130942145384038,130942147817491,2433453,0,2433453
130942147857979,130942150204415,2346436,0,2346436
130942150313179,130942158413362,8100183,0,8100183
130942158472514,130942164320166,5847652,0,5847652
130942164381523,130942170551581,6170058,0,6170058
130942170608471,130942182571685,11963214,0,11963214
130942182630133,130942187292158,4662025,0,4662025
130942187359794,130942196613248,9253454,0,9253454
130942196674711,130942200861998,4187287,0,4187287
130942200918771,130942220051572,19132801,0,19132801
130942220120620,130942258793003,38672383,19366147,19306236
130942258856000,130942269366264,10510264,0,10510264
130942269437569,130942276157451,6719882,0,6719882
130942276231063,130942283263779,7032716,0,7032716
130942283321794,130942285924787,2602993,0,2602993
130942285957962,130942286991395,1033433,0,1033433
130942287029268,130942288297357,1268089,0,1268089
130942288361287,130942288596300,235013,0,235013
130942288620180,130942288757050,136870,0,136870
130942288774984,130942288906970,131986,0,131986
130942288923975,130942288971919,47944,0,47944
130942288987865,130942289035744,47879,0,47879
130942289051602,130942289098634,47032,0,47032
130942289114237,130942289162394,48157,0,48157
130942289178335,130942289225171,46836,0,46836
130942289240884,130942289288134,47250,0,47250
130942289304368,130942289351694,47326,0,47326
130942289367344,130942289414181,46837,0,46837
130942289429684,130942289476241,46557,0,46557
130942289491777,130942289539507,47730,0,47730
130942289554996,130942289601881,46885,0,46885
130942289618094,130942289664832,46738,0,46738
130942289680625,130942289726973,46348,0,46348
130942289742698,130942289789595,46897,0,46897
130942289967100,130942290107827,140727,0,140727
130942290133634,130942290279817,146183,0,146183
130942290303339,130942290437878,134539,0,134539
130942290459613,130942290593309,133696,0,133696
130942290615105,130942290750040,134935,0,134935
130942290772129,130942290926630,154501,0,154501
130942290958149,130942291096313,138164,0,138164
130942291119099,130942291253158,134059,0,134059
130942291275035,130942291403186,128151,0,128151
130942291429026,130942291567389,138363,0,138363
130942291591510,130942291725885,134375,0,134375
130942291747445,130942291880844,133399,0,133399
130942291902722,130942292036003,133281,0,133281
130942292057612,130942292190575,132963,0,132963
130942292211932,130942292946230,734298,0,734298
130942292967221,130942293777673,810452,0,810452
130942293814857,130942294959908,1145051,0,1145051
130942295014247,130942295821085,806838,0,806838
130942295852785,130942296976008,1123223,0,1123223
130942297011690,130942299487690,2476000,0,2476000
130942299530681,130942306772113,7241432,0,7241432
130942306850065,130942312711015,5860950,0,5860950
130942312776772,130942319117856,6341084,0,6341084
130942319177590,130942319264025,86435,0,86435
130942319298030,130942325280870,5982840,0,5982840
130942325337037,130942325418770,81733,0,81733
130942325450540,130942329983145,4532605,0,4532605
130942330051683,130942336608890,6557207,0,6557207
130942336684369,130942340873248,4188879,0,4188879
130942340933193,130942347820715,6887522,0,6887522
130942347876309,130942353819701,5943392,0,5943392
130942353864684,130942356545899,2681215,0,2681215
130942356608770,130942368294292,11685522,0,11685522
130942368349432,130942374031832,5682400,0,5682400
130942374109848,130942377015235,2905387,0,2905387
130942377062911,130942377958428,895517,0,895517
130942377990629,130942378844305,853676,0,853676
130942378866828,130942379005471,138643,0,138643
130942379023746,130942379158088,134342,0,134342
130942379181799,130942379348874,167075,0,167075
130942379374759,130942379621016,246257,0,246257
130942379654348,130942379780211,125863,0,125863
130942379813901,130942379998174,184273,0,184273
130942380022054,130942380075448,53394,0,53394
130942380092811,130942380146175,53364,0,53364
130942380163008,130942380211413,48405,0,48405
130942380227794,130942380291675,63881,0,63881
130942380309397,130942380361142,51745,0,51745
130942380377872,130942380429030,51158,0,51158
130942380445672,130942380493383,47711,0,47711
130942380509459,130942380557959,48500,0,48500
130942380573684,130942380625024,51340,0,51340
130942380641718,130942380692472,50754,0,50754
130942380708736,130942380756771,48035,0,48035
130942380888889,130942380943690,54801,0,54801
130942380963385,130942381018244,54859,0,54859
130942381035391,130942381084211,48820,0,48820
130942381100718,130942381148349,47631,0,47631
130942381164973,130942381215459,50486,0,50486
130942381232224,130942381282420,50196,0,50196
130942381299351,130942381346641,47290,0,47290
130942381363465,130942381410682,47217,0,47217
130942381426950,130942381476876,49926,0,49926
130942381493703,130942381543826,50123,0,50123
130942381560356,130942381607200,46844,0,46844
130942381623375,130942381669769,46394,0,46394
130942381686414,130942381736189,49775,0,49775
130942381752715,130942382422945,670230,0,670230
130942382449690,130942383112369,662679,0,662679
130942383140351,130942383789679,649328,0,649328
130942383810984,130942384839556,1028572,0,1028572
130942384890466,130942385739721,849255,0,849255
130942385779434,130942386918188,1138754,0,1138754
130942386955016,130942388493226,1538210,0,1538210
130942388556532,130942393738806,5182274,0,5182274
130942393804044,130942400121945,6317901,0,6317901
130942400171446,130942400277511,106065,0,106065
130942400312191,130942405684444,5372253,0,5372253
130942405731059,130942408059411,2328352,0,2328352
130942408103238,130942413467269,5364031,0,5364031
130942413524023,130942421005681,7481658,0,7481658
130942421068252,130942425075271,4007019,0,4007019
130942425133307,130942432093583,6960276,0,6960276
130942432149425,130942450235030,18085605,0,18085605
130942450298427,130942456635531,6337104,0,6337104
130942456710332,130942463301420,6591088,0,6591088
130942463373310,130942477390307,14016997,0,14016997
130942477444143,130942484332018,6887875,0,6887875
130942484396935,130942488297775,3900840,0,3900840
130942488372729,130942489390779,1018050,0,1018050
130942489424836,130942490444881,1020045,0,1020045
130942490469472,130942490625178,155706,0,155706
130942490644030,130942490800281,156251,0,156251
130942490818243,130942491059520,241277,0,241277
130942491082046,130942491142792,60746,0,60746
130942491160222,130942491216685,56463,0,56463
130942491233363,130942491289350,55987,0,55987
130942491306290,130942491362508,56218,0,56218
130942491379429,130942491433278,53849,0,53849
130942491450129,130942491505991,55862,0,55862
130942491522376,130942491578121,55745,0,55745
130942491596583,130942491651286,54703,0,54703
130942491667477,130942491721590,54113,0,54113
130942491737971,130942491795625,57654,0,57654
130942491812379,130942491866816,54437,0,54437
130942491883086,130942491940433,57347,0,57347
130942491956858,130942492010530,53672,0,53672
130942492027455,130942492086142,58687,0,58687
130942492218744,130942492282519,63775,0,63775
130942492308354,130942492385374,77020,0,77020
130942492407814,130942492481742,73928,0,73928
130942492504021,130942492580362,76341,0,76341
130942492602321,130942492675347,73026,0,73026
130942492697776,130942492772960,75184,0,75184
130942492800513,130942492945500,144987,0,144987
130942492975936,130942493109421,133485,0,133485
130942493135638,130942493281303,145665,0,145665
130942493304236,130942493445684,141448,0,141448
130942493468344,130942493622890,154546,0,154546
130942493646490,130942493794685,148195,0,148195
130942493819054,130942493964484,145430,0,145430
130942493987233,130942494130253,143020,0,143020
130942494153240,130942495647197,1493957,0,1493957
130942495675414,130942496408242,732828,0,732828
130942496428563,130942497375365,946802,0,946802
130942497397505,130942498317869,920364,0,920364
130942498348909,130942499870526,1521617,0,1521617
130942499932467,130942502120321,2187854,0,2187854
130942502178444,130942507522342,5343898,0,5343898
130942507579809,130942507709300,129491,0,129491
130942507768837,130942512546407,4777570,0,4777570
130942512614737,130942517999463,5384726,0,5384726
130942518056586,130942520109897,2053311,0,2053311
130942520164190,130942527792453,7628263,0,7628263
130942527837793,130942532426937,4589144,0,4589144
130942532484174,130942539348764,6864590,0,6864590
130942539403021,130942610852741,71449720,32762419,38687301
130942610903238,130942615092087,4188849,0,4188849
130942615158119,130942625912198,10754079,0,10754079
130942625960147,130942631195673,5235526,0,5235526
130942631237398,130942636600177,5362779,0,5362779
130942636637143,130942641981971,5344828,0,5344828
130942642029063,130942646005490,3976427,0,3976427
130942646045169,130942650142524,4097355,0,4097355
130942650171284,130942652824682,2653398,0,2653398
130942652879798,130942654488876,1609078,0,1609078
130942654521136,130942655388548,867412,0,867412
130942655413478,130942655803530,390052,0,390052
130942655829957,130942656000968,171011,0,171011
130942656024840,130942656176083,151243,0,151243
130942656198264,130942656266051,67787,0,67787
130942656287520,130942656416710,129190,0,129190
130942656441827,130942656573516,131689,0,131689
130942656604187,130942656736923,132736,0,132736
130942656767076,130942656873655,106579,0,106579
130942656903768,130942656983364,79596,0,79596
130942657012752,130942657093375,80623,0,80623
130942657114740,130942657165157,50417,0,50417
130942657182030,130942657229700,47670,0,47670
130942657245937,130942657293666,47729,0,47729
130942657309600,130942657357339,47739,0,47739
130942657373698,130942657422118,48420,0,48420
130942657438043,130942657484925,46882,0,46882
130942657500363,130942657597952,97589,0,97589
130942657728321,130942657782728,54407,0,54407
130942657802147,130942657850488,48341,0,48341
130942657866968,130942657926101,59133,0,59133
130942657944249,130942658003394,59145,0,59145
130942658021315,130942658143300,121985,0,121985
130942658166821,130942658228851,62030,0,62030
130942658246663,130942658368260,121597,0,121597
130942658391278,130942658528105,136827,0,136827
130942658551236,130942658613548,62312,0,62312
130942658631396,130942658687738,56342,0,56342
130942658705491,130942658761914,56423,0,56423
130942658785201,130942658921585,136384,0,136384
130942658945038,130942659025557,80519,0,80519
130942659043499,130942659690420,646921,0,646921
130942659710386,130942660356740,646354,0,646354
130942660376676,130942661015033,638357,0,638357
130942661034075,130942661830830,796755,0,796755
130942661850458,130942662645021,794563,0,794563
130942662664415,130942664304037,1639622,0,1639622
130942664332333,130942666158070,1825737,0,1825737
130942666210170,130942673543919,7333749,0,7333749
130942673619113,130942679034442,5415329,0,5415329
130942679080050,130942683343248,4263198,0,4263198
130942683397686,130942689075566,5677880,0,5677880
130942689116502,130942697682535,8566033,0,8566033
130942697723626,130942703966165,6242539,0,6242539
130942703998049,130942714483085,10485036,0,10485036
130942714509928,130942720190475,5680547,0,5680547
130942720263168,130942726675518,6412350,0,6412350
130942726708774,130942730304391,3595617,0,3595617
130942730332305,130942736011462,5679157,0,5679157
130942736034988,130942740351304,4316316,0,4316316
130942740375695,130942746080479,5704784,0,5704784
130942746105258,130942748330540,2225282,0,2225282
130942748356426,130942767783922,19427496,0,19427496
130942767838214,130942770832912,2994698,0,2994698
130942770858612,130942772479491,1620879,0,1620879
130942772502389,130942773432179,929790,0,929790
130942773456410,130942773738979,282569,0,282569
130942773761228,130942773907654,146426,0,146426
130942773926411,130942774067635,141224,0,141224
130942774085845,130942774227292,141447,0,141447
130942774245405,130942774298625,53220,0,53220
130942774318949,130942774384058,65109,0,65109
130942774406705,130942774543569,136864,0,136864
130942774566377,130942774703219,136842,0,136842
130942774725914,130942774862787,136873,0,136873
130942774885547,130942775022156,136609,0,136609
130942775045353,130942775107656,62303,0,62303
130942775125270,130942775188743,63473,0,63473
130942775206819,130942775265103,58284,0,58284
130942775282956,130942775340612,57656,0,57656
130942775358555,130942775480776,122221,0,122221
130942775503997,130942775640257,136260,0,136260
130942775663186,130942775800269,137083,0,137083
130942775965650,130942776105959,140309,0,140309
130942776131145,130942776201556,70411,0,70411
130942776221847,130942776281140,59293,0,59293
130942776299306,130942776357738,58432,0,58432
130942776375566,130942776433078,57512,0,57512
130942776454489,130942776523647,69158,0,69158
130942776544961,130942776674320,129359,0,129359
130942776699370,130942776831412,132042,0,132042
130942776856052,130942776940804,84752,0,84752
130942776962404,130942777029601,67197,0,67197
130942777051660,130942777118262,66602,0,66602
130942777139963,130942777207747,67784,0,67784
130942777229579,130942777296668,67089,0,67089
130942777318117,130942777385547,67430,0,67430
130942777407250,130942779362152,1954902,0,1954902
130942779390399,130942781354400,1964001,0,1964001
130942781395154,130942782535658,1140504,0,1140504
130942782590547,130942784665803,2075256,0,2075256
130942784760844,130942786429480,1668636,0,1668636
130942786512311,130942789762383,3250072,0,3250072
130942789836311,130942794180603,4344292,0,4344292
130942794241243,130942798627902,4386659,0,4386659
130942798684485,130942803963133,5278648,0,5278648
130942804031887,130942809993619,5961732,0,5961732
130942810048664,130942819700213,9651549,0,9651549
130942819751322,130942825921624,6170302,0,6170302
130942825986093,130942840459105,14473012,0,14473012
130942840527143,130942851895146,11368003,0,11368003
130942851975813,130942859124072,7148259,0,7148259
130942859175522,130942866385491,7209969,0,7209969
130942866423939,130942871855040,5431101,0,5431101
130942871884763,130942876631170,4746407,0,4746407
130942876657200,130942880870730,4213530,0,4213530
130942880896236,130942883040477,2144241,0,2144241
130942883088295,130942884602682,1514387,0,1514387
130942884641584,130942885340045,698461,0,698461
130942885367316,130942885781038,413722,0,413722
130942885808676,130942885981075,172399,0,172399
130942886004057,130942886079365,75308,0,75308
130942886101229,130942886175945,74716,0,74716
130942886197415,130942886273967,76552,0,76552
130942886298133,130942886370672,72539,0,72539
130942886394138,130942886536097,141959,0,141959
130942886560939,130942886703867,142928,0,142928
130942886728570,130942886870127,141557,0,141557
130942886894219,130942886975925,81706,0,81706
130942886997732,130942887136396,138664,0,138664
130942887160771,130942887269815,109044,0,109044
130942887295153,130942887379313,84160,0,84160
130942887403919,130942887476499,72580,0,72580
130942887498197,130942887571117,72920,0,72920
130942887592333,130942887734540,142207,0,142207
130942887900982,130942888048839,147857,0,147857
130942888075250,130942888152025,76775,0,76775
130942888176122,130942888318517,142395,0,142395
130942888343265,130942888484731,141466,0,141466
130942888509446,130942888653065,143619,0,143619
130942888680530,130942888819383,138853,0,138853
130942888843796,130942888982354,138558,0,138558
130942889006923,130942889149935,143012,0,143012
130942889174345,130942889314306,139961,0,139961
130942889338767,130942889412896,74129,0,74129
130942889436380,130942889509452,73072,0,73072
130942889530621,130942889672682,142061,0,142061
130942889697030,130942889839096,142066,0,142066
130942889863380,130942890917862,1054482,0,1054482
130942890941956,130942891702020,760064,0,760064
130942891725189,130942892476611,751422,0,751422
130942892499468,130942894137219,1637751,0,1637751
130942894162418,130942895299281,1136863,0,1136863
130942895339218,130942898020074,2680856,0,2680856
130942898089260,130942901108114,3018854,0,3018854
130942901225743,130942908156644,6930901,0,6930901
130942908212654,130942971249929,63037275,28728455,34308820
130942971307630,130942976197616,4889986,0,4889986
130942976254308,130942982139937,5885629,0,5885629
130942982184336,130942985999781,3815445,0,3815445
130942986062694,130942994766541,8703847,0,8703847
130942994819334,130943001371681,6552347,0,6552347
130943001425122,130943018364977,16939855,0,16939855
130943018429486,130943033278668,14849182,0,14849182
130943033331837,130943047376972,14045135,0,14045135
130943047434429,130943062843790,15409361,0,15409361
130943062905518,130943068490089,5584571,0,5584571
130943068526801,130943073820629,5293828,0,5293828
130943073845571,130943077501064,3655493,0,3655493
130943077524937,130943081600436,4075499,0,4075499
130943081626230,130943085315423,3689193,0,3689193
130943085362820,130943087823772,2460952,0,2460952
130943087885746,130943089540484,1654738,0,1654738
130943089571830,130943089998939,427109,0,427109
130943090038940,130943090238998,200058,0,200058
130943090283531,130943090548850,265319,0,265319
130943090586335,130943090870872,284537,0,284537
130943090921312,130943091025189,103877,0,103877
130943091058126,130943091156705,98579,0,98579
130943091183641,130943091276508,92867,0,92867
130943091300922,130943091398329,97407,0,97407
130943091425640,130943091520129,94489,0,94489
130943091546493,130943091642176,95683,0,95683
130943091669295,130943091763058,93763,0,93763
130943091789295,130943091884681,95386,0,95386
130943091911162,130943092005725,94563,0,94563
130943092039534,130943092133921,94387,0,94387
130943092169160,130943092263954,94794,0,94794
130943092292003,130943092387666,95663,0,95663
130943092413576,130943092507668,94092,0,94092
130943092534744,130943092631321,96577,0,96577
130943092832349,130943092943380,111031,0,111031
130943092982238,130943093081339,99101,0,99101
130943093112809,130943093210079,97270,0,97270
130943093242122,130943093334783,92661,0,92661
130943093362809,130943093454522,91713,0,91713
130943093482353,130943093571544,89191,0,89191
130943093611393,130943093706203,94810,0,94810
130943093733513,130943093827786,94273,0,94273
130943093854658,130943093953093,98435,0,98435
130943093984016,130943094088301,104285,0,104285
130943094125493,130943094220722,95229,0,95229
130943094254220,130943094348082,93862,0,93862
130943094378740,130943094474607,95867,0,95867
130943094504262,130943094598868,94606,0,94606
130943094631316,130943096001628,1370312,0,1370312
130943096081737,130943097311709,1229972,0,1229972
130943097384598,130943098323641,939043,0,939043
130943098371636,130943100085494,1713858,0,1713858
130943100169503,130943102350282,2180779,0,2180779
130943102437146,130943104088727,1651581,0,1651581
130943104152506,130943112237980,8085474,0,8085474
130943112334265,130943121391147,9056882,0,9056882
130943121467929,130943130530997,9063068,0,9063068
130943130630463,130943142150249,11519786,0,11519786
130943142241875,130943151234583,8992708,0,8992708
130943151312376,130943160528382,9216006,0,9216006
130943160614282,130943171718613,11104331,0,11104331
130943171810888,130943177045671,5234783,0,5234783
130943177095284,130943180107959,3012675,0,3012675
130943180168831,130943185956575,5787744,0,5787744
130943185991593,130943189166950,3175357,0,3175357
130943189192191,130943194022715,4830524,0,4830524
130943194046157,130943197538109,3491952,0,3491952
130943197571647,130943200981678,3410031,0,3410031
130943201013875,130943202424195,1410320,0,1410320
130943202449235,130943203553544,1104309,0,1104309
130943203579458,130943204173789,594331,0,594331
130943204192529,130943204323061,130532,0,130532
130943204339897,130943204471300,131403,0,131403
130943204488047,130943204617527,129480,0,129480
130943204633765,130943204681930,48165,0,48165
130943204697768,130943204792641,94873,0,94873
130943204808657,130943204856398,47741,0,47741
130943204872418,130943204920571,48153,0,48153
130943204936349,130943204984140,47791,0,47791
130943204999776,130943205047235,47459,0,47459
130943205063057,130943205110504,47447,0,47447
130943205126439,130943205174024,47585,0,47585
130943205189699,130943205237043,47344,0,47344
130943205252765,130943205299597,46832,0,46832
130943205315242,130943205362571,47329,0,47329
130943205378403,130943205449316,70913,0,70913
130943205468633,130943205518080,49447,0,49447
130943205534206,130943205581613,47407,0,47407
130943205706706,130943205762075,55369,0,55369
130943205781763,130943205831119,49356,0,49356
130943205847704,130943205895217,47513,0,47513
130943205911462,130943205958828,47366,0,47366
130943205974753,130943206022032,47279,0,47279
130943206038099,130943206085385,47286,0,47286
130943206101522,130943206148547,47025,0,47025
130943206165197,130943206213006,47809,0,47809
130943206229261,130943206275980,46719,0,46719
130943206291832,130943206338652,46820,0,46820
130943206354825,130943206402576,47751,0,47751
130943206418567,130943206465385,46818,0,46818
130943206481490,130943206528235,46745,0,46745
130943206544265,130943207145378,601113,0,601113
130943207163659,130943207751152,587493,0,587493
130943207768558,130943208355535,586977,0,586977
130943208373022,130943208960185,587163,0,587163
130943208977567,130943209563332,585765,0,585765
130943209580750,130943211096474,1515724,0,1515724
130943211117918,130943211938516,820598,0,820598
130943211957133,130943213161657,1204524,0,1204524
130943213188326,130943215443789,2255463,0,2255463
130943215520637,130943217300101,1779464,0,1779464
130943217360263,130943220573167,3212904,0,3212904
130943220625382,130943223773578,3148196,0,3148196
130943223832971,130943226603264,2770293,0,2770293
130943226634030,130943229497401,2863371,0,2863371
130943229529857,130943231478954,1949097,0,1949097
130943231507558,130943233009115,1501557,0,1501557
130943233034848,130943234506352,1471504,0,1471504
130943234530081,130943235440039,909958,0,909958
130943235462346,130943236048620,586274,0,586274
130943236066660,130943236277540,210880,0,210880
130943236294729,130943236424539,129810,0,129810
130943236441084,130943236571270,130186,0,130186
130943236587838,130943236717731,129893,0,129893
130943236734020,130943236781460,47440,0,47440
130943236798048,130943236845901,47853,0,47853
130943236862633,130943236918767,56134,0,56134
130943236935902,130943236983266,47364,0,47364
130943236999543,130943237046470,46927,0,46927
130943237062833,130943237110112,47279,0,47279
130943237126026,130943237172986,46960,0,46960
130943237188875,130943237235330,46455,0,46455
130943237251629,130943237298210,46581,0,46581
130943237314137,130943237360762,46625,0,46625
130943237376950,130943237423874,46924,0,46924
130943237439814,130943237487018,47204,0,47204
130943237502854,130943237549277,46423,0,46423
130943237565071,130943237611718,46647,0,46647
130943237647337,130943237763284,115947,0,115947
130943237783826,130943237834253,50427,0,50427
130943237850820,130943237899402,48582,0,48582
130943237915312,130943237963665,48353,0,48353
130943237979559,130943238027659,48100,0,48100
130943238043485,130943238090609,47124,0,47124
130943238106909,130943238154507,47598,0,47598
130943238170410,130943238217270,46860,0,46860
130943238233186,130943238280308,47122,0,47122
130943238296053,130943238343266,47213,0,47213
130943238359257,130943238406168,46911,0,46911
130943238421994,130943238469198,47204,0,47204
130943238484936,130943238532689,47753,0,47753
130943238548585,130943238594961,46376,0,46376
130943238610876,130943239316088,705212,0,705212
130943239339813,130943239943954,604141,0,604141
130943239966952,130943240577422,610470,0,610470
130943240604084,130943241193552,589468,0,589468
130943241214142,130943242050403,836261,0,836261
130943242071579,130943242895508,823929,0,823929
130943242915150,130943243875332,960182,0,960182
130943243896260,130943244839892,943632,0,943632
130943244859819,130943245967035,1107216,0,1107216
130943245999377,130943247069205,1069828,0,1069828
130943247105866,130943248085335,979469,0,979469
130943248113101,130943249363850,1250749,0,1250749
130943249389041,130943250649730,1260689,0,1260689
130943250675624,130943251858649,1183025,0,1183025
130943251883859,130943252684084,800225,0,800225
130943252707892,130943253296364,588472,0,588472
130943253319790,130943253705740,385950,0,385950
130943253728511,130943254100116,371605,0,371605
130943254122205,130943254339028,216823,0,216823
130943254361408,130943254577570,216162,0,216162
130943254599675,130943254743615,143940,0,143940
130943254765529,130943254908278,142749,0,142749
130943254930743,130943254998085,67342,0,67342
130943255019812,130943255150450,130638,0,130638
130943255175920,130943255307842,131922,0,131922
130943255332731,130943255465021,132290,0,132290
130943255490043,130943255557071,67028,0,67028
130943255579134,130943255709369,130235,0,130235
130943255734015,130943256002778,268763,0,268763
130943256027498,130943256095042,67544,0,67544
130943256116786,130943256246893,130107,0,130107
130943256271800,130943256403709,131909,0,131909
130943256428511,130943256530194,101683,0,101683
130943256553030,130943256621832,68802,0,68802
130943256643762,130943256711522,67760,0,67760
130943256733527,130943256861757,128230,0,128230
130943257034767,130943257176066,141299,0,141299
130943257203205,130943257272141,68936,0,68936
130943257294444,130943257362653,68209,0,68209
130943257384288,130943257513258,128970,0,128970
130943257538677,130943257606647,67970,0,67970
130943257628243,130943257695563,67320,0,67320
130943257717384,130943257784270,66886,0,66886
130943257805984,130943257873110,67126,0,67126
130943257894682,130943258024670,129988,0,129988
130943258049398,130943258180992,131594,0,131594
130943258205596,130943258272212,66616,0,66616
130943258293448,130943258360541,67093,0,67093
130943258382390,130943258513719,131329,0,131329
130943258538215,130943258604460,66245,0,66245
130943258631924,130943259066268,434344,0,434344
130943259095085,130943259378416,283331,0,283331
130943259401601,130943259996265,594664,0,594664
130943260018393,130943260589901,571508,0,571508
130943260613151,130943261457661,844510,0,844510
130943261481558,130943261767305,285747,0,285747
130943261789606,130943262073075,283469,0,283469
130943262095851,130943262379274,283423,0,283423
130943262401931,130943262957043,555112,0,555112
130943262979676,130943263558208,578532,0,578532
130943263587673,130943265282433,1694760,0,1694760
130943265351875,130943265748007,396132,0,396132
130943265793405,130943266700971,907566,0,907566
130943266766688,130943268017817,1251129,0,1251129
130943268066538,130943269810292,1743754,0,1743754
130943269853094,130943270879582,1026488,0,1026488
130943270946202,130943271249668,303466,0,303466
130943271281929,130943271580621,298692,0,298692
130943271610569,130943271990324,379755,0,379755
130943272025193,130943272407204,382011,0,382011
130943272440219,130943272953956,513737,0,513737
130943272981956,130943273116718,134762,0,134762
130943273142255,130943273274662,132407,0,132407
130943273300841,130943273434250,133409,0,133409
130943273459412,130943273594197,134785,0,134785
130943273616823,130943273687997,71174,0,71174
130943273710590,130943273777972,67382,0,67382
130943273802651,130943273856579,53928,0,53928
130943273875135,130943273923645,48510,0,48510
130943273939924,130943273988022,48098,0,48098
130943274004413,130943274052047,47634,0,47634
130943274067925,130943274115289,47364,0,47364
130943274131126,130943274178111,46985,0,46985
130943274194277,130943274241268,46991,0,46991
130943274257308,130943274304820,47512,0,47512
130943274320741,130943274367827,47086,0,47086
130943274399961,130943274470857,70896,0,70896
130943274493020,130943274560732,67712,0,67712
130943274582464,130943274711633,129169,0,129169
130943274736926,130943274869441,132515,0,132515
130943274894347,130943274961066,66719,0,66719
130943274983423,130943275114283,130860,0,130860
130943275139324,130943275271426,132102,0,132102
130943275296198,130943275428142,131944,0,131944
130943275453153,130943275585318,132165,0,132165
130943275610175,130943275742038,131863,0,131863
130943275766724,130943275899193,132469,0,132469
130943275923640,130943276055362,131722,0,131722
130943276081907,130943276214681,132774,0,132774
130943276239476,130943276371313,131837,0,131837
130943276396217,130943277014834,618617,0,618617
130943277038696,130943277809978,771282,0,771282
130943277836696,130943278132267,295571,0,295571
130943278155483,130943278448441,292958,0,292958
130943278471293,130943278765921,294628,0,294628
130943278788572,130943279078499,289927,0,289927
130943279100466,130943279394390,293924,0,293924
130943279416531,130943279721295,304764,0,304764
130943279744289,130943280053908,309619,0,309619
130943280076938,130943280499100,422162,0,422162
130943280522787,130943280850444,327657,0,327657
130943280873515,130943281196839,323324,0,323324
130943281219447,130943281762365,542918,0,542918
130943281797053,130943282293148,496095,0,496095
130943282324874,130943282676674,351800,0,351800
130943282705378,130943283038376,332998,0,332998
130943283065601,130943283398475,332874,0,332874
130943283424964,130943283835042,410078,0,410078
130943283858946,130943284112297,253351,0,253351
130943284134561,130943284387887,253326,0,253326
130943284410614,130943284573210,162596,0,162596
130943284596088,130943284762563,166475,0,166475
130943284787319,130943284861502,74183,0,74183
130943284883272,130943284956563,73291,0,73291
130943284979669,130943285121050,141381,0,141381
130943285146703,130943285288981,142278,0,142278
130943285315852,130943285459096,143244,0,143244
130943285484190,130943285622646,138456,0,138456
130943285647277,130943285792664,145387,0,145387
130943285817484,130943285965589,148105,0,148105
130943285990807,130943286064285,73478,0,73478
130943286085929,130943286163348,77419,0,77419
130943286187663,130943286259208,71545,0,71545
130943286280793,130943286420995,140202,0,140202
130943286446258,130943286586271,140013,0,140013
130943286611173,130943286757201,146028,0,146028
130943286797463,130943286951499,154036,0,154036
130943286988162,130943287135780,147618,0,147618
130943287159293,130943287301890,142597,0,142597
130943287324150,130943287471088,146938,0,146938
130943287493252,130943287637721,144469,0,144469
130943287660114,130943287803901,143787,0,143787
130943287826335,130943287972188,145853,0,145853
130943287994393,130943288135704,141311,0,141311
130943288157759,130943288301843,144084,0,144084
130943288323829,130943288466244,142415,0,142415
130943288488580,130943288631183,142603,0,142603
130943288653103,130943288797710,144607,0,144607
130943288819784,130943288964095,144311,0,144311
130943288986385,130943289127110,140725,0,140725
130943289149335,130943290002893,853558,0,853558
130943290026093,130943290478226,452133,0,452133
130943290497641,130943290805437,307796,0,307796
130943290823482,130943291131870,308388,0,308388
130943291149647,130943292191358,1041711,0,1041711
130943292215717,130943292527398,311681,0,311681
130943292545572,130943292854949,309377,0,309377
130943292872812,130943293182244,309432,0,309432
130943293199729,130943293506884,307155,0,307155
130943293524591,130943293831252,306661,0,306661
130943293862758,130943294167704,304946,0,304946
130943294187452,130943294491220,303768,0,303768
130943294508852,130943294814761,305909,0,305909
130943294832385,130943295134269,301884,0,301884
130943295153730,130943295457249,303519,0,303519
130943295474512,130943295781151,306639,0,306639
130943295798450,130943296104064,305614,0,305614
130943296121682,130943296350053,228371,0,228371
130943296369508,130943296600861,231353,0,231353
130943296618039,130943356356879,59738840,30035994,29702846
130943356419552,130943356655606,236054,0,236054
130943356684140,130943356970552,286412,0,286412
130943356991242,130943357041550,50308,0,50308
130943357059504,130943357108478,48974,0,48974
130943357124726,130943357173370,48644,0,48644
130943357192522,130943357240199,47677,0,47677
130943357256144,130943357304132,47988,0,47988
130943357320530,130943357368711,48181,0,48181
130943357384570,130943357431963,47393,0,47393
130943357448008,130943357495844,47836,0,47836
130943357512335,130943357559525,47190,0,47190
130943357576309,130943357623378,47069,0,47069
130943357639340,130943357772222,132882,0,132882
130943357796641,130943357849532,52891,0,52891
130943357866332,130943357914309,47977,0,47977
130943357930763,130943357978243,47480,0,47480
130943358099867,130943358154143,54276,0,54276
130943358173143,130943358213324,40181,0,40181
130943358230163,130943358277672,47509,0,47509
130943358294457,130943358334241,39784,0,39784
130943358350640,130943358398293,47653,0,47653
130943358415156,130943358453725,38569,0,38569
130943358470415,130943358517245,46830,0,46830
130943358533612,130943358580211,46599,0,46599
130943358596769,130943358643627,46858,0,46858
130943358660126,130943358698197,38071,0,38071
130943358714561,130943358761825,47264,0,47264
130943358777913,130943358816657,38744,0,38744
130943358833284,130943358881097,47813,0,47813
130943358897711,130943358944594,46883,0,46883
130943358960998,130943358999806,38808,0,38808
130943359016197,130943359285283,269086,0,269086
130943359303430,130943359566255,262825,0,262825
130943359584534,130943359864324,279790,0,279790
130943359883987,130943359925107,41120,0,41120
130943359941213,130943360446369,505156,0,505156
130943360470877,130943360794486,323609,0,323609
130943360817673,130943361131947,314274,0,314274
130943361154337,130943361421212,266875,0,266875
130943361440082,130943361705420,265338,0,265338
130943361723230,130943361838804,115574,0,115574
130943361855549,130943361970124,114575,0,114575
130943361986927,130943362251642,264715,0,264715
130943362268896,130943362532012,263116,0,263116
130943362549841,130943362812793,262952,0,262952
130943362830005,130943363148555,318550,0,318550
130943363166008,130943363428174,262166,0,262166
130943363445730,130943363651294,205564,0,205564
130943363669168,130943363709998,40830,0,40830
130943363725753,130943363921863,196110,0,196110
130943363938576,130943364059122,120546,0,120546
130943364075554,130943364196168,120614,0,120614
130943364217225,130943364257751,40526,0,40526
130943364283272,130943364332517,49245,0,49245
130943364348387,130943364396449,48062,0,48062
130943364412401,130943364460117,47716,0,47716
130943364475744,130943364515317,39573,0,39573
130943364530788,130943364579149,48361,0,48361
130943364601381,130943364682497,81116,0,81116
130943364714432,130943364855581,141149,0,141149
130943364883706,130943364937702,53996,0,53996
130943364955393,130943365060193,104800,0,104800
130943365089356,130943365228294,138938,0,138938
130943365255692,130943365393086,137394,0,137394
130943365415524,130943365520142,104618,0,104618
130943365540581,130943365591492,50911,0,50911
130943365616324,130943365656987,40663,0,40663
130943365673275,130943365746268,72993,0,72993
130943365767327,130943365831743,64416,0,64416
130943365852728,130943365894433,41705,0,41705
130943365911316,130943365952487,41171,0,41171
130943365969142,130943366009811,40669,0,40669
130943366026824,130943366066961,40137,0,40137
130943366083287,130943366151386,68099,0,68099
130943366177404,130943366232281,54877,0,54877
130943366253004,130943366328281,75277,0,75277
130943366354515,130943366433399,78884,0,78884
130943366461526,130943366513434,51908,0,51908
130943366532376,130943366573380,41004,0,41004
130943366589627,130943366630082,40455,0,40455
130943366646239,130943366685698,39459,0,39459
130943366701949,130943366741107,39158,0,39158
130943366756867,130943366796171,39304,0,39304
130943366812817,130943366852010,39193,0,39193
130943366868105,130943366948150,80045,0,80045
130943366970134,130943367057607,87473,0,87473
130943367091345,130943367199592,108247,0,108247
130943367231594,130943367330879,99285,0,99285
130943367357994,130943367434707,76713,0,76713
130943367460513,130943367544638,84125,0,84125
130943367573716,130943367697098,123382,0,123382
130943367730848,130943367817607,86759,0,86759
130943367846872,130943367934277,87405,0,87405
130943367962998,130943368049049,86051,0,86051
130943368078446,130943368167661,89215,0,89215
130943368198427,130943368307709,109282,0,109282
130943368339196,130943368450528,111332,0,111332
130943368477129,130943368584297,107168,0,107168
130943368606714,130943368713582,106868,0,106868
130943368735755,130943368851440,115685,0,115685
130943368875864,130943368944943,69079,0,69079
130943368963264,130943369014584,51320,0,51320
130943369032696,130943369091910,59214,0,59214
130943369115079,130943369180983,65904,0,65904
130943369198818,130943369249807,50989,0,50989
130943369267948,130943369325791,57843,0,57843
130943369349580,130943369457949,108369,0,108369
130943369480787,130943369589563,108776,0,108776
130943369612450,130943369722523,110073,0,110073
130943369745754,130943369854751,108997,0,108997
130943369878334,130943369986886,108552,0,108552
130943370009682,130943370119106,109424,0,109424
130943370142791,130943370258547,115756,0,115756
130943370277855,130943370328676,50821,0,50821
130943370346300,130943370386251,39951,0,39951
130943370401718,130943370475293,73575,0,73575
130943370506503,130943370615689,109186,0,109186
130943370638933,130943370747770,108837,0,108837
130943370772974,130943370876530,103556,0,103556
130943370902013,130943371018236,116223,0,116223
130943371050352,130943371171345,120993,0,120993
130943371199448,130943371280418,80970,0,80970
130943371309000,130943371414682,105682,0,105682
130943371440158,130943371543147,102989,0,102989
130943371567896,130943371671142,103246,0,103246
130943371695842,130943371754723,58881,0,58881
130943371776035,130943371877931,101896,0,101896
130943371902786,130943372005538,102752,0,102752
130943372030473,130943372133537,103064,0,103064
130943372157979,130943372261302,103323,0,103323
130943372287443,130943372351464,64021,0,64021
130943372371666,130943372412328,40662,0,40662
130943372429009,130943372511338,82329,0,82329
130943372537226,130943372775894,238668,0,238668
130943372807036,130943372917180,110144,0,110144
130943372949012,130943373034590,85578,0,85578
130943373066576,130943373183065,116489,0,116489
130943373215044,130943373294177,79133,0,79133
130943373321419,130943373405957,84538,0,84538
130943373432999,130943373537753,104754,0,104754
130943373585352,130943373687847,102495,0,102495
130943373723858,130943373833727,109869,0,109869
130943373857023,130943373963740,106717,0,106717
130943373985583,130943374091519,105936,0,105936
130943374113268,130943374219632,106364,0,106364
130943374241906,130943374347936,106030,0,106030
130943374370049,130943374476069,106020,0,106020
130943374498167,130943374604088,105921,0,105921
130943374626230,130943374732148,105918,0,105918
130943374754055,130943374859824,105769,0,105769
130943374881448,130943374986809,105361,0,105361
130943375008810,130943375114331,105521,0,105521
130943375136341,130943375242084,105743,0,105743
130943375264367,130943375369621,105254,0,105254
130943375391249,130943375496721,105472,0,105472
130943375518593,130943375624540,105947,0,105947
130943375646545,130943375751887,105342,0,105342
130943375773639,130943375880144,106505,0,106505
130943375901996,130943376007943,105947,0,105947
130943376029599,130943376135478,105879,0,105879
130943376157109,130943376263322,106213,0,106213
130943376285468,130943376390752,105284,0,105284
130943376412436,130943376518316,105880,0,105880
130943376539843,130943376645359,105516,0,105516
130943376667062,130943376772588,105526,0,105526
130943376794360,130943376900195,105835,0,105835
130943376941077,130943376985626,44549,0,44549
130943377002777,130943377043053,40276,0,40276
130943377059358,130943377098490,39132,0,39132
130943377114675,130943377153748,39073,0,39073
130943377169420,130943377207889,38469,0,38469
130943377223767,130943377262846,39079,0,39079
130943377278548,130943377316870,38322,0,38322
130943377333230,130943377371847,38617,0,38617
130943377387826,130943377426604,38778,0,38778
130943377442202,130943377481131,38929,0,38929
130943377496795,130943377535550,38755,0,38755
130943377551204,130943377593032,41828,0,41828
130943377609215,130943377648237,39022,0,39022
130943377664037,130943377702749,38712,0,38712
130943377718636,130943377757647,39011,0,39011
130943377773507,130943377812282,38775,0,38775
130943377827973,130943377866717,38744,0,38744
130943377882835,130943377921158,38323,0,38323
130943377937111,130943377975763,38652,0,38652
130943377991676,130943378030128,38452,0,38452
130943378045840,130943378084417,38577,0,38577
130943378100184,130943378138729,38545,0,38545
130943378154498,130943378192773,38275,0,38275
130943378208621,130943378247816,39195,0,39195
130943378263934,130943378326218,62284,0,62284
130943378354752,130943378467682,112930,0,112930
130943378492723,130943378607428,114705,0,114705
130943378632257,130943378739436,107179,0,107179
130943378765352,130943378860893,95541,0,95541
130943378882387,130943378944907,62520,0,62520
130943378964992,130943379006437,41445,0,41445
130943379023169,130943379062884,39715,0,39715
130943379079155,130943379119760,40605,0,40605
130943379136094,130943379209378,73284,0,73284
130943379237728,130943379313307,75579,0,75579
130943379340350,130943379417456,77106,0,77106
130943379448099,130943379508690,60591,0,60591
130943379528180,130943379570059,41879,0,41879
130943379586731,130943379626369,39638,0,39638
130943379642370,130943379681662,39292,0,39292
130943379697409,130943379736833,39424,0,39424
130943379753014,130943379792791,39777,0,39777
130943379808862,130943379848315,39453,0,39453
130943379864447,130943379903544,39097,0,39097
130943379919315,130943379959244,39929,0,39929
130943379975049,130943380014560,39511,0,39511
130943380030522,130943380069794,39272,0,39272
130943380085645,130943380124536,38891,0,38891
130943380140391,130943380179443,39052,0,39052
130943380195720,130943380235063,39343,0,39343
130943380273770,130943380316409,42639,0,42639
130943380333468,130943380372138,38670,0,38670
130943380388550,130943380427368,38818,0,38818
130943380443621,130943380482751,39130,0,39130
130943380498783,130943380538665,39882,0,39882
130943380554628,130943380593736,39108,0,39108
130943380609639,130943380648397,38758,0,38758
130943380664115,130943380713882,49767,0,49767
130943380731960,130943380771999,40039,0,40039
130943380788278,130943380827342,39064,0,39064
130943380843114,130943380882359,39245,0,39245
130943380898318,130943380936999,38681,0,38681
130943380957905,130943380997639,39734,0,39734
130943381020644,130943381060294,39650,0,39650
130943381076391,130943381115412,39021,0,39021
130943381131441,130943381170430,38989,0,38989
130943381186081,130943381225126,39045,0,39045
130943381240909,130943381280242,39333,0,39333
130943381295844,130943381335137,39293,0,39293
130943381351081,130943381390195,39114,0,39114
130943381405740,130943381444544,38804,0,38804
130943381460298,130943381499272,38974,0,38974
130943381514765,130943381553995,39230,0,39230
130943381569504,130943381608783,39279,0,39279
130943381624315,130943381662987,38672,0,38672
130943381678890,130943381717853,38963,0,38963
130943381733464,130943381771947,38483,0,38483
130943381787995,130943381827249,39254,0,39254
130943381842925,130943381929661,86736,0,86736
130943381945912,130943381984950,39038,0,39038
130943382000887,130943382039875,38988,0,38988
130943382055431,130943382094045,38614,0,38614
130943382109509,130943382148897,39388,0,39388
130943382164426,130943382203044,38618,0,38618
130943382218603,130943382257187,38584,0,38584
130943382272609,130943382311143,38534,0,38534
130943382327084,130943382366059,38975,0,38975
130943382382118,130943382420418,38300,0,38300
130943382436449,130943382475495,39046,0,39046
130943382491418,130943382530125,38707,0,38707
130943382545722,130943382584936,39214,0,39214
130943382600632,130943382639779,39147,0,39147
130943382655411,130943382693995,38584,0,38584
130943382709542,130943382748336,38794,0,38794
130943382763887,130943382802414,38527,0,38527
130943382818017,130943382856546,38529,0,38529
130943382872055,130943382910557,38502,0,38502
130943382926231,130943382964833,38602,0,38602
130943382980061,130943383018572,38511,0,38511
130943383034082,130943383072523,38441,0,38441
130943383092872,130943383132061,39189,0,39189
130943383148342,130943383187101,38759,0,38759
130943383202480,130943383240761,38281,0,38281
130943383256287,130943383294778,38491,0,38491
130943383310431,130943383349619,39188,0,39188
130943383365183,130943383403433,38250,0,38250
130943383418928,130943383458335,39407,0,39407
130943383474266,130943383512781,38515,0,38515
130943383528545,130943383566893,38348,0,38348
130943383593848,130943383635766,41918,0,41918
130943383652275,130943383691464,39189,0,39189
130943383707288,130943383746625,39337,0,39337
130943383762136,130943383801371,39235,0,39235
130943383816878,130943383855566,38688,0,38688
130943383871204,130943383909820,38616,0,38616
130943383925716,130943383964739,39023,0,39023
130943383980341,130943384018865,38524,0,38524
130943384034535,130943384073617,39082,0,39082
130943384090038,130943384128753,38715,0,38715
130943384144351,130943384182781,38430,0,38430
130943384198394,130943384236951,38557,0,38557
130943384252619,130943384291159,38540,0,38540
130943384307185,130943384390979,83794,0,83794
130943384424356,130943384543443,119087,0,119087
130943384572316,130943384650255,77939,0,77939
130943384675119,130943384746501,71382,0,71382
130943384774481,130943384822006,47525,0,47525
130943384840558,130943384880889,40331,0,40331
130943384897387,130943384936663,39276,0,39276
130943384952783,130943384991748,38965,0,38965
130943385007840,130943385046353,38513,0,38513
130943385062643,130943385101468,38825,0,38825
130943385117356,130943385156227,38871,0,38871
130943385172210,130943385211626,39416,0,39416
130943385227755,130943385266478,38723,0,38723
130943385282225,130943385320607,38382,0,38382
130943385336498,130943385375117,38619,0,38619
130943385390969,130943385429655,38686,0,38686
130943385445324,130943385483898,38574,0,38574
130943385499569,130943385537976,38407,0,38407
130943385553607,130943385591881,38274,0,38274
130943385607729,130943385646520,38791,0,38791
130943385662095,130943385700696,38601,0,38601
130943385716608,130943385754993,38385,0,38385
130943385770753,130943385809145,38392,0,38392
130943385824865,130943385863158,38293,0,38293
130943385878761,130943385916986,38225,0,38225
130943385932423,130943385970705,38282,0,38282
130943385986597,130943386024845,38248,0,38248
130943386040320,130943386079025,38705,0,38705
130943386101175,130943386140131,38956,0,38956
130943386160707,130943386199530,38823,0,38823
130943386221094,130943386260335,39241,0,39241
130943386276181,130943386314818,38637,0,38637
130943386330704,130943386369267,38563,0,38563
130943386385019,130943386422975,37956,0,37956
130943386438646,130943386476930,38284,0,38284
130943386492763,130943386531313,38550,0,38550
130943386547108,130943386585237,38129,0,38129
130943386600704,130943386638774,38070,0,38070
130943386654517,130943386693022,38505,0,38505
130943386709049,130943386747216,38167,0,38167
130943386762804,130943386800708,37904,0,37904
130943386816330,130943386854292,37962,0,37962
130943386869874,130943386922085,52211,0,52211
130943386940715,130943386982129,41414,0,41414
130943386998494,130943387037572,39078,0,39078
130943387053744,130943387092761,39017,0,39017
130943387108864,130943387147469,38605,0,38605
130943387163397,130943387213035,49638,0,49638
130943387239710,130943387285845,46135,0,46135
130943387302960,130943387346226,43266,0,43266
130943387366609,130943387406161,39552,0,39552
130943387422094,130943387460765,38671,0,38671
130943387476607,130943387515847,39240,0,39240
130943387531864,130943387570693,38829,0,38829
130943387586406,130943387624797,38391,0,38391
130943387640608,130943387679339,38731,0,38731
130943387695151,130943387733527,38376,0,38376
130943387749174,130943387787444,38270,0,38270
130943387803098,130943387841480,38382,0,38382
130943387857296,130943387896554,39258,0,39258
130943387912222,130943387950936,38714,0,38714
130943387966661,130943388004865,38204,0,38204
130943388020686,130943388058808,38122,0,38122
130943388074362,130943388112755,38393,0,38393
130943388128372,130943388166883,38511,0,38511
130943388182670,130943388220697,38027,0,38027
130943388236109,130943388274163,38054,0,38054
130943388289737,130943388375911,86174,0,86174
130943388392162,130943388431457,39295,0,39295
130943388447138,130943388485684,38546,0,38546
130943388501523,130943388540005,38482,0,38482
130943388555686,130943388594439,38753,0,38753
130943388610163,130943388648649,38486,0,38486
130943388664289,130943388702445,38156,0,38156
130943388717991,130943388756630,38639,0,38639
130943388772195,130943388810820,38625,0,38625
130943388826438,130943388864912,38474,0,38474
130943388880505,130943388918898,38393,0,38393
