127337159113351,127337259288640,100175289,18667036,81508253
127337298215900,127337298467078,251178,0,251178
127337298600635,127337298795685,195050,0,195050
127337298861602,127337298989259,127657,0,127657
127337299049079,127337299172445,123366,0,123366
127337299229783,127337299437433,207650,0,207650
127337299497207,127337299655312,158105,0,158105
127337299712736,127337299824689,111953,0,111953
127337299879307,127337299989228,109921,0,109921
127337300043833,127337300152948,109115,0,109115
127337300207972,127337300317292,109320,0,109320
127337300372693,127337300574695,202002,0,202002
127337300640200,127337300750955,110755,0,110755
127337300805069,127337300914501,109432,0,109432
127337300968688,127337301171405,202717,0,202717
127337301230464,127337301433216,202752,0,202752
127337301492713,127337301603266,110553,0,110553
127337301657179,127337301766292,109113,0,109113
127337301820152,127337301929017,108865,0,108865
127337301983323,127337302186170,202847,0,202847
127337302245267,127337302448204,202937,0,202937
127337302507482,127337302709941,202459,0,202459
127337302767938,127337302969915,201977,0,201977
127337303027621,127337303136356,108735,0,108735
127337303191501,127337303301656,110155,0,110155
127337303356981,127337303465939,108958,0,108958
127337303520195,127337303629891,109696,0,109696
127337303683735,127337303792500,108765,0,108765
127337303846067,127337303989522,143455,0,143455
127337304045143,127337304247918,202775,0,202775
127337304307254,127337304508888,201634,0,201634
127337304566726,127337304675375,108649,0,108649
127337304730829,127337304840411,109582,0,109582
127337304895018,127337305004698,109680,0,109680
127337305060010,127337305170621,110611,0,110611
127337305226856,127337305337433,110577,0,110577
127337305390675,127337305593774,203099,0,203099
127337305651396,127337305760651,109255,0,109255
127337305814971,127337306017936,202965,0,202965
127337306076284,127337306277805,201521,0,201521
127337306335647,127337306537486,201839,0,201839
127337306596574,127337306798140,201566,0,201566
127337306855804,127337307058448,202644,0,202644
127337307117311,127337307297712,180401,0,180401
127337307354517,127337307468194,113677,0,113677
127337307523030,127337307633737,110707,0,110707
127337307687473,127337307797639,110166,0,110166
127337307852868,127337307962378,109510,0,109510
127337308017240,127337308126575,109335,0,109335
127337308180495,127337308382106,201611,0,201611
127337323452095,127337323748380,296285,0,296285
127337323878038,127337324156631,278593,0,278593
127337324223439,127337324349276,125837,0,125837
127337324400513,127337324515415,114902,0,114902
127337324564872,127337324660512,95640,0,95640
127337324707261,127337324799212,91951,0,91951
127337324845755,127337324937043,91288,0,91288
127337324984305,127337325077777,93472,0,93472
127337325126548,127337325218935,92387,0,92387
127337325265209,127337325356067,90858,0,90858
127337325403061,127337325493860,90799,0,90799
127337325540199,127337325631539,91340,0,91340
127337325679080,127337325769955,90875,0,90875
127337325816293,127337325906766,90473,0,90473
127337325952551,127337326044400,91849,0,91849
127337326093537,127337326185230,91693,0,91693
127337326232758,127337326323753,90995,0,90995
127337326370367,127337326460727,90360,0,90360
127337326507075,127337326597684,90609,0,90609
127337326644063,127337326735088,91025,0,91025
127337326781777,127337326872820,91043,0,91043
127337326922331,127337327015530,93199,0,93199
127337327063120,127337327154645,91525,0,91525
127337327202546,127337327312432,109886,0,109886
127337327368152,127337327478237,110085,0,110085
127337327531195,127337327647920,116725,0,116725
127337327695567,127337327795849,100282,0,100282
127337327842914,127337327940777,97863,0,97863
127337327987994,127337328081104,93110,0,93110
127337328128978,127337328220535,91557,0,91557
127337328267024,127337328357914,90890,0,90890
127337328404130,127337328494966,90836,0,90836
127337328540944,127337328632366,91422,0,91422
127337328679886,127337328772108,92222,0,92222
127337328819582,127337328923358,103776,0,103776
127337328973538,127337329075354,101816,0,101816
127337329124068,127337329298336,174268,0,174268
127337329361142,127337329562420,201278,0,201278
127337329627337,127337329803714,176377,0,176377
127337329873053,127337329991120,118067,0,118067
127337330043928,127337330202437,158509,0,158509
127337330256134,127337330364685,108551,0,108551
127337330417334,127337330621612,204278,0,204278
127337330680813,127337330834116,153303,0,153303
127337330908930,127337331096580,187650,0,187650
127337331173586,127337331360192,186606,0,186606
127337331442668,127337331651482,208814,0,208814
127337331735435,127337331939828,204393,0,204393
127337332016863,127337332220662,203799,0,203799
127337332302065,127337332510243,208178,0,208178
127337332597035,127337332818077,221042,0,221042
127337332919897,127337333216881,296984,0,296984
127337333355334,127337333768576,413242,0,413242
127337333987871,127337334307897,320026,0,320026
127337334394089,127337334657642,263553,0,263553
127337334732485,127337334982401,249916,0,249916
127337335049928,127337335206533,156605,0,156605
127337335262514,127337335394925,132411,0,132411
127337335447253,127337335621441,174188,0,174188
127337335680269,127337335892339,212070,0,212070
127337335951727,127337336161063,209336,0,209336
127337336228810,127337336398556,169746,0,169746
127337336491205,127337336678972,187767,0,187767
127337336738063,127337336944851,206788,0,206788
127337337021353,127337337215097,193744,0,193744
127337337303961,127337337513615,209654,0,209654
127337337606650,127337337856006,249356,0,249356
127337337971828,127337338261585,289757,0,289757
127337338378119,127337338663198,285079,0,285079
127337338791021,127337339106118,315097,0,315097
127337339197234,127337339491456,294222,0,294222
127337339595272,127337339794197,198925,0,198925
127337339858571,127337339999140,140569,0,140569
127337340050139,127337340160549,110410,0,110410
127337340207728,127337340308211,100483,0,100483
127337340354808,127337340449668,94860,0,94860
127337340496805,127337340589706,92901,0,92901
127337340656877,127337340854961,198084,0,198084
127337340916683,127337341132466,215783,0,215783
127337341206985,127337341308923,101938,0,101938
127337341368363,127337341578397,210034,0,210034
127337341658172,127337341870814,212642,0,212642
127337341948346,127337342179386,231040,0,231040
127337342250150,127337342468811,218661,0,218661
127337342558084,127337342806194,248110,0,248110
127337342897680,127337343157330,259650,0,259650
127337343232078,127337343470654,238576,0,238576
127337343556586,127337343784650,228064,0,228064
127337343854421,127337344079944,225523,0,225523
127337344154935,127337344328260,173325,0,173325
127337344398818,127337344555783,156965,0,156965
127337344623394,127337344806893,183499,0,183499
127337344870960,127337345064464,193504,0,193504
127337345135406,127337345312615,177209,0,177209
127337345377249,127337345522684,145435,0,145435
127337345584575,127337345730573,145998,0,145998
127337345791874,127337345948838,156964,0,156964
127337346013376,127337346170874,157498,0,157498
127337346239318,127337346389149,149831,0,149831
127337346450272,127337346602869,152597,0,152597
127337346672621,127337346820808,148187,0,148187
127337346882059,127337347028862,146803,0,146803
127337347091394,127337347257623,166229,0,166229
127337347345813,127337347495436,149623,0,149623
127337347555673,127337347706421,150748,0,150748
127337347767070,127337347920479,153409,0,153409
127337347983804,127337348149647,165843,0,165843
127337348219292,127337348393420,174128,0,174128
127337348457537,127337348608636,151099,0,151099
127337348669781,127337348817661,147880,0,147880
127337348880035,127337349037712,157677,0,157677
127337349100396,127337349253503,153107,0,153107
127337349318926,127337349482112,163186,0,163186
127337349543855,127337349694350,150495,0,150495
127337349754932,127337349914138,159206,0,159206
127337349978752,127337350129447,150695,0,150695
127337350191077,127337350344365,153288,0,153288
127337350409556,127337350578988,169432,0,169432
127337350651778,127337350811305,159527,0,159527
127337350875140,127337351025941,150801,0,150801
127337351087164,127337351265578,178414,0,178414
127337351328365,127337351480779,152414,0,152414
127337351548469,127337351697969,149500,0,149500
127337351765868,127337351916942,151074,0,151074
127337351983377,127337352134833,151456,0,151456
127337352195302,127337352355024,159722,0,159722
127337352418710,127337352582507,163797,0,163797
127337352645257,127337352803611,158354,0,158354
127337352867621,127337353022373,154752,0,154752
127337353087368,127337353274751,187383,0,187383
127337353349394,127337353536842,187448,0,187448
127337353606789,127337353798535,191746,0,191746
127337353871355,127337354060484,189129,0,189129
127337354130894,127337354293078,162184,0,162184
127337354366242,127337354557853,191611,0,191611
127337354629444,127337354807592,178148,0,178148
127337354885525,127337355102762,217237,0,217237
127337355165777,127337355381609,215832,0,215832
127337355444213,127337355642253,198040,0,198040
127337355697529,127337355894650,197121,0,197121
127337355948966,127337356145875,196909,0,196909
127337356200419,127337356396954,196535,0,196535
127337356451162,127337356647383,196221,0,196221
127337356700705,127337356896568,195863,0,195863
127337356949887,127337357145574,195687,0,195687
127337357203262,127337357413424,210162,0,210162
127337357473499,127337357584877,111378,0,111378
127337357639211,127337357750790,111579,0,111579
127337357804998,127337357961606,156608,0,156608
127337358027414,127337358230262,202848,0,202848
127337358300108,127337358504203,204095,0,204095
127337358562480,127337358762577,200097,0,200097
127337358819681,127337359019223,199542,0,199542
127337359077475,127337359186084,108609,0,108609
127337359239444,127337359437557,198113,0,198113
127337359494734,127337359692758,198024,0,198024
127337359749646,127337359948283,198637,0,198637
127337360010266,127337360187753,177487,0,177487
127337360249081,127337360447882,198801,0,198801
127337360505053,127337360651129,146076,0,146076
127337360706244,127337360841872,135628,0,135628
127337360911120,127337361057680,146560,0,146560
127337361129191,127337361340459,211268,0,211268
127337361401971,127337361612446,210475,0,210475
127337361672089,127337361887218,215129,0,215129
127337361946704,127337362155699,208995,0,208995
127337362214779,127337362423645,208866,0,208866
127337362482171,127337362687422,205251,0,205251
127337362745633,127337362856530,110897,0,110897
127337362910208,127337363019388,109180,0,109180
127337363072592,127337363272723,200131,0,200131
127337363331257,127337363532139,200882,0,200882
127337363589912,127337363781542,191630,0,191630
127337363848217,127337363994391,146174,0,146174
127337364048493,127337364229411,180918,0,180918
127337364288433,127337364489599,201166,0,201166
127337364544763,127337364742345,197582,0,197582
127337364795751,127337364992857,197106,0,197106
127337365046769,127337365243969,197200,0,197200
127337365298685,127337365496883,198198,0,198198
127337365551209,127337365749882,198673,0,198673
127337365804670,127337366003558,198888,0,198888
127337366057525,127337366216126,158601,0,158601
127337366284450,127337366442105,157655,0,157655
127337366501237,127337366614899,113662,0,113662
127337366669641,127337366849226,179585,0,179585
127337366911312,127337367096432,185120,0,185120
127337367157604,127337367355463,197859,0,197859
127337367425291,127337367628980,203689,0,203689
127337367687953,127337367799553,111600,0,111600
127337367853566,127337367963621,110055,0,110055
127337368016546,127337368126541,109995,0,109995
127337368179565,127337368289163,109598,0,109598
127337368343479,127337368542846,199367,0,199367
127337368600944,127337368799956,199012,0,199012
127337368857383,127337369061291,203908,0,203908
127337369121614,127337369320658,199044,0,199044
127337369379281,127337369578419,199138,0,199138
127337369636041,127337369743856,107815,0,107815
127337369796359,127337369994602,198243,0,198243
127337370060497,127337370259829,199332,0,199332
127337370317731,127337370516853,199122,0,199122
127337370574234,127337370779285,205051,0,205051
127337370837118,127337371034946,197828,0,197828
127337371092033,127337371290609,198576,0,198576
127337371347894,127337371546664,198770,0,198770
127337371603892,127337371712895,109003,0,109003
127337371773005,127337371970912,197907,0,197907
127337372033235,127337372233231,199996,0,199996
127337372301865,127337372501872,200007,0,200007
127337372560255,127337372758356,198101,0,198101
127337372815438,127337373014223,198785,0,198785
127337373071021,127337373178730,107709,0,107709
127337373231574,127337373429821,198247,0,198247
127337373486921,127337373684700,197779,0,197779
127337373742031,127337373944971,202940,0,202940
127337374000321,127337374108419,108098,0,108098
127337374161822,127337374269233,107411,0,107411
127337374322373,127337374429112,106739,0,106739
127337374481912,127337374680474,198562,0,198562
127337374736750,127337374934599,197849,0,197849
127337374991390,127337375189775,198385,0,198385
127337375246855,127337375444997,198142,0,198142
127337375502086,127337375699974,197888,0,197888
127337375756680,127337375955311,198631,0,198631
127337376012108,127337376210617,198509,0,198509
127337376267609,127337376375566,107957,0,107957
127337376427899,127337376535406,107507,0,107507
127337376587980,127337376786398,198418,0,198418
127337376843023,127337377040817,197794,0,197794
127337377097963,127337377306153,208190,0,208190
127337377366622,127337377475088,108466,0,108466
127337377529402,127337377637461,108059,0,108059
127337377690888,127337377888878,197990,0,197990
127337377945871,127337378144354,198483,0,198483
127337378201886,127337378372433,170547,0,170547
127337378428385,127337378535900,107515,0,107515
127337378589014,127337378787120,198106,0,198106
127337378843818,127337379042645,198827,0,198827
127337379099908,127337379207810,107902,0,107902
127337379261158,127337379367975,106817,0,106817
127337379421280,127337379528111,106831,0,106831
127337379581100,127337379779416,198316,0,198316
127337379836512,127337379943693,107181,0,107181
127337379996789,127337380104378,107589,0,107589
127337380157641,127337380264740,107099,0,107099
127337380318090,127337380515982,197892,0,197892
127337380572807,127337380776153,203346,0,203346
127337380834158,127337381033022,198864,0,198864
127337381089968,127337381197367,107399,0,107399
127337381374594,127337381471570,96976,0,96976
127337381528106,127337381639697,111591,0,111591
127337381694358,127337381864473,170115,0,170115
127337381933146,127337382075722,142576,0,142576
127337382128342,127337382225955,97613,0,97613
127337382272804,127337382366851,94047,0,94047
127337382413222,127337382504970,91748,0,91748
127337382550723,127337382641291,90568,0,90568
127337382687212,127337382777842,90630,0,90630
127337382824042,127337382914865,90823,0,90823
127337382961666,127337383052131,90465,0,90465
127337383097713,127337383188254,90541,0,90541
127337383233900,127337383324052,90152,0,90152
127337383370193,127337383460578,90385,0,90385
127337383506741,127337383596463,89722,0,89722
127337383642396,127337383732827,90431,0,90431
127337383778463,127337383868421,89958,0,89958
127337383914320,127337384016128,101808,0,101808
127337384065509,127337384156163,90654,0,90654
127337384202306,127337384293211,90905,0,90905
127337384339659,127337384429908,90249,0,90249
127337384476077,127337384566346,90269,0,90269
127337384612236,127337384702510,90274,0,90274
127337384748086,127337384837850,89764,0,89764
127337384884131,127337384974758,90627,0,90627
127337385021109,127337385111116,90007,0,90007
127337385156801,127337385246992,90191,0,90191
127337385292721,127337385382901,90180,0,90180
127337385429171,127337385519615,90444,0,90444
127337385565793,127337385656096,90303,0,90303
127337385701897,127337385792260,90363,0,90363
127337385838300,127337385928553,90253,0,90253
127337385975324,127337386065385,90061,0,90061
127337386112211,127337386202129,89918,0,89918
127337386248617,127337386338357,89740,0,89740
127337386384071,127337386474334,90263,0,90263
127337386521189,127337386611427,90238,0,90238
127337386657916,127337386748326,90410,0,90410
127337386794294,127337386884391,90097,0,90097
127337386929848,127337387019947,90099,0,90099
127337387065876,127337387155718,89842,0,89842
127337387201656,127337387308554,106898,0,106898
127337387359049,127337387450185,91136,0,91136
127337387496442,127337387588025,91583,0,91583
127337387645088,127337387755954,110866,0,110866
127337387816471,127337387951308,134837,0,134837
127337388011108,127337388175766,164658,0,164658
127337388242533,127337388445525,202992,0,202992
127337388507010,127337388695983,188973,0,188973
127337388776071,127337388908704,132633,0,132633
127337388978346,127337389150303,171957,0,171957
127337389227798,127337389441528,213730,0,213730
127337389507290,127337389722563,215273,0,215273
127337389783994,127337389902732,118738,0,118738
127337389957250,127337390162322,205072,0,205072
127337390222849,127337390430401,207552,0,207552
127337390497904,127337390679367,181463,0,181463
127337390749886,127337390999507,249621,0,249621
127337391077506,127337391321749,244243,0,244243
127337391387972,127337391615104,227132,0,227132
127337391676591,127337391896567,219976,0,219976
127337391956879,127337392164633,207754,0,207754
127337392223623,127337392431762,208139,0,208139
127337392492116,127337392701544,209428,0,209428
127337392764236,127337392980665,216429,0,216429
127337393042859,127337393260166,217307,0,217307
127337393320606,127337393532882,212276,0,212276
127337393594022,127337393805722,211700,0,211700
127337393864918,127337394038954,174036,0,174036
127337394101634,127337394314895,213261,0,213261
127337394375326,127337394552403,177077,0,177077
127337394616789,127337394831880,215091,0,215091
127337394890970,127337395096846,205876,0,205876
127337395154973,127337395373623,218650,0,218650
127337395437705,127337395639199,201494,0,201494
127337395698213,127337395898279,200066,0,200066
127337395959653,127337396167051,207398,0,207398
127337396238634,127337396402011,163377,0,163377
127337396475809,127337396607259,131450,0,131450
127337396664125,127337396887769,223644,0,223644
127337396962832,127337397181875,219043,0,219043
127337397281868,127337397527659,245791,0,245791
127337397608765,127337397857949,249184,0,249184
127337397926175,127337398165192,239017,0,239017
127337398225603,127337398446795,221192,0,221192
127337398504609,127337398712806,208197,0,208197
127337398767911,127337398969496,201585,0,201585
127337399024445,127337399222852,198407,0,198407
127337399277386,127337399474233,196847,0,196847
127337399528495,127337399725193,196698,0,196698
127337399779729,127337399975944,196215,0,196215
127337400029906,127337400226035,196129,0,196129
127337400279593,127337400477079,197486,0,197486
127337400531166,127337400668487,137321,0,137321
127337400718657,127337400809910,91253,0,91253
127337400855953,127337400946891,90938,0,90938
127337400993518,127337401084256,90738,0,90738
127337401130549,127337401221034,90485,0,90485
127337401267389,127337401357306,89917,0,89917
127337401403123,127337401493193,90070,0,90070
127337401546879,127337401638836,91957,0,91957
127337401685525,127337401776100,90575,0,90575
127337401822673,127337401913121,90448,0,90448
127337401959048,127337402049325,90277,0,90277
127337402095772,127337402186650,90878,0,90878
127337402233840,127337402325227,91387,0,91387
127337402371826,127337402464169,92343,0,92343
127337402510456,127337402602875,92419,0,92419
127337402649871,127337402743455,93584,0,93584
127337402790870,127337402882976,92106,0,92106
127337402929449,127337403021631,92182,0,92182
127337403077192,127337403198422,121230,0,121230
127337403256989,127337403459855,202866,0,202866
127337403518964,127337403721602,202638,0,202638
127337403781076,127337403960341,179265,0,179265
127337404016323,127337404125396,109073,0,109073
127337404179622,127337404288346,108724,0,108724
127337404342793,127337404452534,109741,0,109741
127337404506619,127337404615173,108554,0,108554
127337404669237,127337404777490,108253,0,108253
127337404831746,127337405033331,201585,0,201585
127337405091905,127337405293637,201732,0,201732
127337405352132,127337405554635,202503,0,202503
127337405614088,127337405816392,202304,0,202304
127337405875432,127337406080934,205502,0,205502
127337406145966,127337406351064,205098,0,205098
127337406410889,127337406523139,112250,0,112250
127337406578055,127337406688630,110575,0,110575
127337406743136,127337406945046,201910,0,201910
127337407002862,127337407205128,202266,0,202266
127337407275721,127337407478692,202971,0,202971
127337407543799,127337407653481,109682,0,109682
127337407708083,127337407816677,108594,0,108594
127337407869867,127337407979160,109293,0,109293
127337408032967,127337408235002,202035,0,202035
127337408293778,127337408496057,202279,0,202279
127337408555706,127337408766234,210528,0,210528
127337408842857,127337409044179,201322,0,201322
127337409101440,127337409300338,198898,0,198898
127337409355821,127337409553533,197712,0,197712
127337409607820,127337409804780,196960,0,196960
127337409858296,127337410054535,196239,0,196239
127337410108034,127337410304399,196365,0,196365
127337410358132,127337410554485,196353,0,196353
127337410614823,127337410708973,94150,0,94150
127337410756580,127337410847711,91131,0,91131
127337410893599,127337410984290,90691,0,90691
127337411030525,127337411121159,90634,0,90634
127337411166745,127337411256822,90077,0,90077
127337411310324,127337411425533,115209,0,115209
127337411492641,127337411597456,104815,0,104815
127337411652783,127337411762923,110140,0,110140
127337411817443,127337412018867,201424,0,201424
127337412077625,127337412279689,202064,0,202064
127337412338462,127337412447290,108828,0,108828
127337412501868,127337412610596,108728,0,108728
127337412665886,127337412867299,201413,0,201413
127337412925254,127337413127925,202671,0,202671
127337413188935,127337413320974,132039,0,132039
127337413373443,127337413465566,92123,0,92123
127337413512616,127337413603779,91163,0,91163
127337413649638,127337413740825,91187,0,91187
127337413787095,127337413877821,90726,0,90726
127337413924379,127337414028317,103938,0,103938
127337414077529,127337414169081,91552,0,91552
127337414215473,127337414306339,90866,0,90866
127337414352416,127337414443208,90792,0,90792
127337414489120,127337414579609,90489,0,90489
127337414626172,127337414716567,90395,0,90395
127337414762038,127337414852440,90402,0,90402
127337414898443,127337414989101,90658,0,90658
127337415035340,127337415125514,90174,0,90174
127337415171433,127337415261303,89870,0,89870
127337415308125,127337415398247,90122,0,90122
127337415443905,127337415534062,90157,0,90157
127337415579842,127337415669971,90129,0,90129
127337415715513,127337415805549,90036,0,90036
127337415851174,127337415941992,90818,0,90818
127337415988112,127337416078061,89949,0,89949
127337416123665,127337416213659,89994,0,89994
127337416259291,127337416349693,90402,0,90402
127337416396023,127337416486303,90280,0,90280
127337416531884,127337416621728,89844,0,89844
127337416667527,127337416757292,89765,0,89765
127337416803215,127337416893066,89851,0,89851
127337416939034,127337417029094,90060,0,90060
127337417075075,127337417164908,89833,0,89833
127337417210771,127337417313341,102570,0,102570
127337417361662,127337417452286,90624,0,90624
127337417498612,127337417589046,90434,0,90434
127337417634899,127337417725651,90752,0,90752
127337417771439,127337417861404,89965,0,89965
127337417907417,127337417997403,89986,0,89986
127337418043751,127337418134186,90435,0,90435
127337418179784,127337418269984,90200,0,90200
127337418315417,127337418405254,89837,0,89837
127337418451008,127337418541252,90244,0,90244
127337418588328,127337418678666,90338,0,90338
127337418725692,127337418816128,90436,0,90436
127337418861756,127337418952125,90369,0,90369
127337419003375,127337419094428,91053,0,91053
127337419140618,127337419231209,90591,0,90591
127337419277252,127337419367995,90743,0,90743
127337419413839,127337419504128,90289,0,90289
127337419549729,127337419639934,90205,0,90205
127337419685803,127337419776229,90426,0,90426
127337419822247,127337419912999,90752,0,90752
127337419958978,127337420048998,90020,0,90020
127337420094821,127337420184985,90164,0,90164
127337420230642,127337420321119,90477,0,90477
127337420366660,127337420457267,90607,0,90607
127337420503034,127337420593046,90012,0,90012
127337420645736,127337420743907,98171,0,98171
127337420790888,127337420881221,90333,0,90333
127337420927075,127337421017487,90412,0,90412
127337421063651,127337421154098,90447,0,90447
127337421199980,127337421289986,90006,0,90006
127337421335344,127337421425554,90210,0,90210
127337421476133,127337421566984,90851,0,90851
127337421618095,127337421709387,91292,0,91292
127337421755115,127337421845737,90622,0,90622
127337421891473,127337421981740,90267,0,90267
127337422027469,127337422117759,90290,0,90290
127337422163529,127337422253929,90400,0,90400
127337422299712,127337422389821,90109,0,90109
127337422435676,127337422525840,90164,0,90164
127337422572010,127337422662201,90191,0,90191
127337422708413,127337422798900,90487,0,90487
127337422844413,127337422935361,90948,0,90948
127337422981767,127337423072001,90234,0,90234
127337423117623,127337423207829,90206,0,90206
127337423253834,127337423344270,90436,0,90436
127337423390098,127337423480222,90124,0,90124
127337423526481,127337423616801,90320,0,90320
127337423662711,127337423752529,89818,0,89818
127337423797856,127337423888131,90275,0,90275
127337423937997,127337424032212,94215,0,94215
127337424080115,127337424171180,91065,0,91065
127337424216943,127337424307106,90163,0,90163
127337424353147,127337424443389,90242,0,90242
127337424489178,127337424579728,90550,0,90550
127337424625140,127337424716267,91127,0,91127
127337424762585,127337424852609,90024,0,90024
127337424897950,127337425024630,126680,0,126680
127337425084875,127337425178634,93759,0,93759
127337425225894,127337425317444,91550,0,91550
127337425363672,127337425454589,90917,0,90917
127337425500665,127337425590904,90239,0,90239
127337425636771,127337425727037,90266,0,90266
127337425772742,127337425863221,90479,0,90479
127337425911785,127337426003213,91428,0,91428
127337426049597,127337426139521,89924,0,89924
127337426184995,127337426275303,90308,0,90308
127337426320999,127337426411518,90519,0,90519
127337426457615,127337426548542,90927,0,90927
127337426594610,127337426684917,90307,0,90307
127337426730279,127337426821042,90763,0,90763
127337426867121,127337426957252,90131,0,90131
127337427002924,127337427093281,90357,0,90357
127337427139554,127337427229531,89977,0,89977
127337427284584,127337427376552,91968,0,91968
127337427423565,127337427513787,90222,0,90222
127337427559345,127337427649969,90624,0,90624
127337427696394,127337427786433,90039,0,90039
127337427831725,127337427921628,89903,0,89903
127337427967496,127337428057451,89955,0,89955
127337428103084,127337428193293,90209,0,90209
127337428239553,127337428329656,90103,0,90103
127337428375155,127337428464964,89809,0,89809
127337428510447,127337428600735,90288,0,90288
127337428646954,127337428737082,90128,0,90128
127337428783176,127337428873490,90314,0,90314
127337428919817,127337429009772,89955,0,89955
127337429055870,127337429145750,89880,0,89880
127337429191438,127337429281661,90223,0,90223
127337429327834,127337429418235,90401,0,90401
127337429463827,127337429553990,90163,0,90163
127337429599937,127337429689511,89574,0,89574
127337429735211,127337429825693,90482,0,90482
127337429871962,127337429962140,90178,0,90178
127337430008035,127337430098019,89984,0,89984
127337430143899,127337430234064,90165,0,90165
127337430279274,127337430369454,90180,0,90180
127337430415326,127337430505418,90092,0,90092
127337430550610,127337430651059,100449,0,100449
127337430699378,127337430790496,91118,0,91118
127337430836326,127337430926840,90514,0,90514
127337430972662,127337431063036,90374,0,90374
127337431108938,127337431199209,90271,0,90271
127337431245299,127337431335061,89762,0,89762
127337431380760,127337431471292,90532,0,90532
127337431516682,127337431607235,90553,0,90553
127337431652713,127337431743080,90367,0,90367
127337431788653,127337431878543,89890,0,89890
127337431924058,127337432014361,90303,0,90303
127337432060142,127337432150453,90311,0,90311
127337432196270,127337432286227,89957,0,89957
127337432332137,127337432422001,89864,0,89864
127337432467550,127337432557563,90013,0,90013
127337432603322,127337432693531,90209,0,90209
127337432840397,127337432934753,94356,0,94356
127337432984789,127337433076346,91557,0,91557
127337433122933,127337433213666,90733,0,90733
127337433260363,127337433350851,90488,0,90488
127337433396811,127337433487066,90255,0,90255
127337433532870,127337433622993,90123,0,90123
127337433668609,127337433758510,89901,0,89901
127337433808775,127337433899373,90598,0,90598
127337433955851,127337434046931,91080,0,91080
127337434093911,127337434184130,90219,0,90219
127337434230515,127337434320692,90177,0,90177
127337434366860,127337434457268,90408,0,90408
127337434502897,127337434593636,90739,0,90739
127337434640075,127337434730134,90059,0,90059
127337434775833,127337434866051,90218,0,90218
127337434913060,127337435003225,90165,0,90165
127337435048675,127337435139158,90483,0,90483
127337435185440,127337435275882,90442,0,90442
127337435321794,127337435411812,90018,0,90018
127337435457793,127337435547336,89543,0,89543
127337435593112,127337435683238,90126,0,90126
127337435729327,127337435819557,90230,0,90230
127337435865607,127337435955275,89668,0,89668
127337436001947,127337436092060,90113,0,90113
127337436137705,127337436227875,90170,0,90170
127337436274006,127337436364050,90044,0,90044
127337436410116,127337436500333,90217,0,90217
127337436545972,127337436636069,90097,0,90097
127337436681841,127337436771807,89966,0,89966
127337436817965,127337436908560,90595,0,90595
127337436954505,127337437044690,90185,0,90185
127337437090334,127337437180444,90110,0,90110
127337437226267,127337437321153,94886,0,94886
127337437367954,127337437458746,90792,0,90792
127337437504530,127337437594528,89998,0,89998
127337437640250,127337437754885,114635,0,114635
127337437806159,127337437897162,91003,0,91003
127337437943115,127337438034564,91449,0,91449
127337438080987,127337438172137,91150,0,91150
127337438218038,127337438308491,90453,0,90453
127337438354348,127337438444927,90579,0,90579
127337438490259,127337438580713,90454,0,90454
127337438626798,127337438717209,90411,0,90411
127337438762743,127337438853621,90878,0,90878
127337438899604,127337438990797,91193,0,91193
127337439052677,127337439221230,168553,0,168553
127337439303132,127337439500493,197361,0,197361
127337439603893,127337439811437,207544,0,207544
127337439908247,127337440096079,187832,0,187832
127337440167984,127337440414554,246570,0,246570
127337440496413,127337440766243,269830,0,269830
127337440841556,127337441012020,170464,0,170464
127337441081661,127337441298518,216857,0,216857
127337441373513,127337441610754,237241,0,237241
127337441678096,127337441820409,142313,0,142313
127337441882550,127337442061260,178710,0,178710
127337442126840,127337442335705,208865,0,208865
127337442414327,127337442579821,165494,0,165494
127337442644265,127337442874527,230262,0,230262
127337442939914,127337443163208,223294,0,223294
127337443225738,127337443350467,124729,0,124729
127337443406760,127337443525764,119004,0,119004
127337443580319,127337443692429,112110,0,112110
127337443747163,127337443952760,205597,0,205597
127337444008861,127337444119553,110692,0,110692
127337444174827,127337444284092,109265,0,109265
127337444338750,127337444542144,203394,0,203394
127337444606696,127337444810926,204230,0,204230
127337444871838,127337444986416,114578,0,114578
127337445041915,127337445158345,116430,0,116430
127337445216920,127337445377440,160520,0,160520
127337445440800,127337445662858,222058,0,222058
127337445730800,127337445971462,240662,0,240662
127337446078120,127337446347019,268899,0,268899
127337446426043,127337446659773,233730,0,233730
127337446738565,127337446949175,210610,0,210610
127337447028410,127337447245692,217282,0,217282
127337447314598,127337447525635,211037,0,211037
127337447585263,127337447711869,126606,0,126606
127337447764111,127337447894810,130699,0,130699
127337447961963,127337448169249,207286,0,207286
127337448229474,127337448437899,208425,0,208425
127337448497162,127337448708233,211071,0,211071
127337448765618,127337448864517,98899,0,98899
127337448912748,127337449006446,93698,0,93698
127337449053644,127337449145210,91566,0,91566
127337449192223,127337449283502,91279,0,91279
127337449329889,127337449420970,91081,0,91081
127337449466887,127337449556715,89828,0,89828
127337449602349,127337449693063,90714,0,90714
127337449739192,127337449829552,90360,0,90360
127337449875970,127337449966172,90202,0,90202
127337450012208,127337450102359,90151,0,90151
127337450147772,127337450238301,90529,0,90529
127337450284626,127337450375274,90648,0,90648
127337450428968,127337450520006,91038,0,91038
127337450573216,127337450695892,122676,0,122676
127337450747841,127337450841858,94017,0,94017
127337450888684,127337450982498,93814,0,93814
127337451037425,127337451158945,121520,0,121520
127337451223744,127337451330982,107238,0,107238
127337451385291,127337451494667,109376,0,109376
127337451548171,127337451656302,108131,0,108131
127337451709897,127337451816939,107042,0,107042
127337451870419,127337452069627,199208,0,199208
127337452126827,127337452326321,199494,0,199494
127337452383441,127337452491076,107635,0,107635
127337452544416,127337452743526,199110,0,199110
127337452800417,127337452998451,198034,0,198034
127337453055551,127337453162582,107031,0,107031
127337453215154,127337453321997,106843,0,106843
127337453374931,127337453481509,106578,0,106578
127337453534128,127337453640824,106696,0,106696
127337453693875,127337453800929,107054,0,107054
127337453853508,127337453989979,136471,0,136471
127337454052498,127337454251145,198647,0,198647
127337454308547,127337454507967,199420,0,199420
127337454565051,127337454673132,108081,0,108081
127337454726261,127337454833686,107425,0,107425
127337454887090,127337454995063,107973,0,107973
127337455047787,127337455155136,107349,0,107349
127337455208348,127337455315056,106708,0,106708
127337455367702,127337455565745,198043,0,198043
127337455622096,127337455729440,107344,0,107344
127337455782493,127337455981224,198731,0,198731
127337456038700,127337456236905,198205,0,198205
127337456294224,127337456401273,107049,0,107049
127337456453929,127337456562302,108373,0,108373
127337456615529,127337456723046,107517,0,107517
127337456776767,127337456975442,198675,0,198675
127337457033810,127337457235542,201732,0,201732
127337457300829,127337457411547,110718,0,110718
127337457466508,127337457576061,109553,0,109553
127337457631458,127337457740601,109143,0,109143
127337457794765,127337457903692,108927,0,108927
127337457957572,127337458066132,108560,0,108560
127337458119634,127337458228302,108668,0,108668
127337458281912,127337458484292,202380,0,202380
127337458542898,127337458745212,202314,0,202314
127337458804488,127337459006364,201876,0,201876
127337459065579,127337459232729,167150,0,167150
127337459291908,127337459495737,203829,0,203829
127337459554005,127337459757032,203027,0,203027
127337459815984,127337460017385,201401,0,201401
127337460075242,127337460276739,201497,0,201497
127337460334797,127337460537721,202924,0,202924
127337460596694,127337460806333,209639,0,209639
127337460866232,127337460975498,109266,0,109266
127337461029807,127337461139501,109694,0,109694
127337461193494,127337461303195,109701,0,109701
127337461366235,127337461567860,201625,0,201625
127337461626444,127337461828329,201885,0,201885
127337461886698,127337462087296,200598,0,200598
127337462148701,127337462351831,203130,0,203130
127337462420876,127337462563551,142675,0,142675
127337462635597,127337462814619,179022,0,179022
127337462876967,127337463076137,199170,0,199170
127337463130902,127337463329644,198742,0,198742
127337463383846,127337463582988,199142,0,199142
127337463636824,127337463833725,196901,0,196901
127337463888216,127337464095006,206790,0,206790
127337464152031,127337464349083,197052,0,197052
127337464403763,127337464600409,196646,0,196646
127337464654923,127337464851237,196314,0,196314
127337464905179,127337465101021,195842,0,195842
127337465155118,127337465351026,195908,0,195908
127337465404665,127337465600596,195931,0,195931
127337465654044,127337465850554,196510,0,196510
127337465904391,127337466100830,196439,0,196439
127337466154186,127337466349973,195787,0,195787
127337466403880,127337466599859,195979,0,195979
127337466653239,127337466849888,196649,0,196649
127337466903868,127337467100496,196628,0,196628
127337467154540,127337467357357,202817,0,202817
127337467413081,127337467609757,196676,0,196676
127337467663604,127337467859933,196329,0,196329
127337467914080,127337468110682,196602,0,196602
127337468165138,127337468361415,196277,0,196277
127337468415251,127337468611485,196234,0,196234
127337468665210,127337468861699,196489,0,196489
127337468920965,127337469117608,196643,0,196643
127337469178083,127337469374503,196420,0,196420
127337469429082,127337469625015,195933,0,195933
127337469678924,127337469874628,195704,0,195704
127337469927726,127337470124221,196495,0,196495
127337470178288,127337470374874,196586,0,196586
127337470428654,127337470630760,202106,0,202106
127337470687177,127337470884097,196920,0,196920
127337470938257,127337471134789,196532,0,196532
127337471189210,127337471386051,196841,0,196841
127337471440876,127337471636624,195748,0,195748
127337471690148,127337471885657,195509,0,195509
127337471939424,127337472135792,196368,0,196368
127337472189393,127337472385727,196334,0,196334
127337472439841,127337472636259,196418,0,196418
127337472689680,127337472885004,195324,0,195324
127337472938310,127337473134117,195807,0,195807
127337473188111,127337473384621,196510,0,196510
127337473438630,127337473635008,196378,0,196378
127337473688760,127337473884265,195505,0,195505
127337473950349,127337474147815,197466,0,197466
127337474203075,127337474399745,196670,0,196670
127337474453686,127337474650023,196337,0,196337
127337474703731,127337474899289,195558,0,195558
127337474952868,127337475147882,195014,0,195014
127337475201729,127337475398133,196404,0,196404
127337475452121,127337475648130,196009,0,196009
127337475702502,127337475898654,196152,0,196152
127337475952724,127337476148345,195621,0,195621
127337476201591,127337476397512,195921,0,195921
127337476451498,127337476648109,196611,0,196611
127337476702228,127337476898089,195861,0,195861
127337476951840,127337477147060,195220,0,195220
127337477200077,127337477402768,202691,0,202691
127337477459349,127337477656270,196921,0,196921
127337477710908,127337477907453,196545,0,196545
127337477961551,127337478157584,196033,0,196033
127337478210941,127337478406826,195885,0,195885
127337478460266,127337478656694,196428,0,196428
127337478710297,127337478906728,196431,0,196431
127337478960738,127337479156426,195688,0,195688
127337479210110,127337479405710,195600,0,195600
127337479459302,127337479655615,196313,0,196313
127337479710203,127337479906203,196000,0,196000
127337479960751,127337480156585,195834,0,195834
127337480210889,127337480406127,195238,0,195238
127337480459611,127337480629961,170350,0,170350
127337480680295,127337480771986,91691,0,91691
127337480819214,127337480910528,91314,0,91314
127337480956742,127337481047095,90353,0,90353
127337481092450,127337481182375,89925,0,89925
127337481227780,127337481318226,90446,0,90446
127337481364763,127337481483108,118345,0,118345
127337481537607,127337481650661,113054,0,113054
127337481702418,127337481859201,156783,0,156783
127337481918598,127337482118328,199730,0,199730
127337482177470,127337482384502,207032,0,207032
127337482443188,127337482644393,201205,0,201205
127337482709291,127337482912919,203628,0,203628
127337482968379,127337483170070,201691,0,201691
127337483227590,127337483326544,98954,0,98954
127337483374540,127337483468526,93986,0,93986
127337483515038,127337483605949,90911,0,90911
127337483651978,127337483742509,90531,0,90531
127337483788133,127337483879395,91262,0,91262
127337483925882,127337484031392,105510,0,105510
127337484081271,127337484171819,90548,0,90548
127337484217799,127337484308170,90371,0,90371
127337484353432,127337484443859,90427,0,90427
127337484491231,127337484582396,91165,0,91165
127337484772772,127337484971509,198737,0,198737
127337485028816,127337485225765,196949,0,196949
127337485280073,127337485476808,196735,0,196735
127337485530222,127337485727391,197169,0,197169
127337485781467,127337485978072,196605,0,196605
127337486031794,127337486227332,195538,0,195538
127337486280601,127337486476399,195798,0,195798
127337486529897,127337486734153,204256,0,204256
127337486789820,127337486987145,197325,0,197325
127337487041256,127337487237266,196010,0,196010
127337487297998,127337487502632,204634,0,204634
127337487562745,127337487760948,198203,0,198203
127337487815742,127337488012509,196767,0,196767
127337488066953,127337488262911,195958,0,195958
127337488316463,127337488512268,195805,0,195805
127337488566289,127337488762821,196532,0,196532
127337488821708,127337489018351,196643,0,196643
127337489078796,127337489274863,196067,0,196067
127337489328612,127337489524645,196033,0,196033
127337489578248,127337489774837,196589,0,196589
127337489828805,127337490025201,196396,0,196396
127337490084783,127337490290041,205258,0,205258
127337490350181,127337490552484,202303,0,202303
127337490616790,127337490733518,116728,0,116728
127337490790037,127337490905469,115432,0,115432
127337490962632,127337491094389,131757,0,131757
127337491161042,127337491364971,203929,0,203929
127337491432566,127337491624633,192067,0,192067
127337491692289,127337491818233,125944,0,125944
127337491875359,127337492015798,140439,0,140439
127337492076413,127337492197043,120630,0,120630
127337492253999,127337492463932,209933,0,209933
127337492526247,127337492750877,224630,0,224630
127337492834024,127337493066431,232407,0,232407
127337493142719,127337493377015,234296,0,234296
127337493449252,127337493676046,226794,0,226794
127337493772333,127337494028681,256348,0,256348
127337494129017,127337494397428,268411,0,268411
127337494502322,127337494762649,260327,0,260327
127337494857000,127337495089228,232228,0,232228
127337495168644,127337495377349,208705,0,208705
127337495458532,127337495664376,205844,0,205844
127337495737504,127337495935357,197853,0,197853
127337496011373,127337496200407,189034,0,189034
127337496277462,127337496490714,213252,0,213252
127337496552594,127337496762317,209723,0,209723
127337496820120,127337497028747,208627,0,208627
127337497084263,127337497298251,213988,0,213988
127337497357406,127337497561972,204566,0,204566
127337497616764,127337497836052,219288,0,219288
127337497911085,127337498122708,211623,0,211623
127337498181820,127337498387762,205942,0,205942
127337498446053,127337498650622,204569,0,204569
127337498708510,127337498913880,205370,0,205370
127337498973508,127337499184575,211067,0,211067
127337499247599,127337499460189,212590,0,212590
127337499521463,127337499733762,212299,0,212299
127337499794793,127337499916757,121964,0,121964
127337499970989,127337500086491,115502,0,115502
127337500141782,127337500345926,204144,0,204144
127337500404269,127337500616974,212705,0,212705
127337500689335,127337500877476,188141,0,188141
127337500957457,127337501155324,197867,0,197867
127337501223207,127337501355620,132413,0,132413
127337501414727,127337501625048,210321,0,210321
127337501685160,127337501892311,207151,0,207151
127337501957199,127337502186946,229747,0,229747
127337502249480,127337502452510,203030,0,203030
127337502508762,127337502708403,199641,0,199641
127337502762835,127337502959442,196607,0,196607
127337503013360,127337503209601,196241,0,196241
127337503264057,127337503460997,196940,0,196940
127337503516159,127337503712881,196722,0,196722
127337503766963,127337503959720,192757,0,192757
127337504009595,127337504102119,92524,0,92524
127337504148748,127337504240608,91860,0,91860
127337504286755,127337504378459,91704,0,91704
127337504425743,127337504516573,90830,0,90830
127337504563036,127337504653432,90396,0,90396
127337504699437,127337504789802,90365,0,90365
127337504836638,127337504927294,90656,0,90656
127337504974562,127337505065551,90989,0,90989
127337505112019,127337505202590,90571,0,90571
127337505248960,127337505339519,90559,0,90559
127337505385034,127337505475511,90477,0,90477
127337505521451,127337505611627,90176,0,90176
127337505657321,127337505747420,90099,0,90099
127337505793078,127337505883189,90111,0,90111
127337505929135,127337506019546,90411,0,90411
127337506065149,127337506156124,90975,0,90975
127337506218294,127337506338100,119806,0,119806
127337506390675,127337506482903,92228,0,92228
127337506528890,127337506620363,91473,0,91473
127337506666825,127337506758035,91210,0,91210
127337506804808,127337506895614,90806,0,90806
127337506942002,127337507032465,90463,0,90463
127337507078097,127337507168025,89928,0,89928
127337507213588,127337507313919,100331,0,100331
127337507362401,127337507453249,90848,0,90848
127337507498815,127337507589066,90251,0,90251
127337507641979,127337507732978,90999,0,90999
127337507779387,127337507869775,90388,0,90388
127337507920343,127337508011452,91109,0,91109
127337508064442,127337508155374,90932,0,90932
127337508201239,127337508291443,90204,0,90204
127337508337407,127337508428283,90876,0,90876
127337508473909,127337508564553,90644,0,90644
127337508610100,127337508700686,90586,0,90586
127337508746206,127337508836159,89953,0,89953
127337508881578,127337508971524,89946,0,89946
127337509017238,127337509107344,90106,0,90106
127337509156466,127337509247388,90922,0,90922
127337509293252,127337509383659,90407,0,90407
127337509430033,127337509520181,90148,0,90148
127337509566334,127337509656388,90054,0,90054
127337509702583,127337509793160,90577,0,90577
127337509839395,127337509929980,90585,0,90585
127337509975131,127337510065167,90036,0,90036
127337510111068,127337510200936,89868,0,89868
127337510246373,127337510337105,90732,0,90732
127337510383515,127337510473491,89976,0,89976
127337510519166,127337510619207,100041,0,100041
127337510668368,127337510759452,91084,0,91084
127337510805655,127337510896955,91300,0,91300
127337510942954,127337511033423,90469,0,90469
127337511079422,127337511169968,90546,0,90546
127337511215858,127337511306382,90524,0,90524
127337511352357,127337511443409,91052,0,91052
127337511490012,127337511580356,90344,0,90344
127337511626571,127337511717126,90555,0,90555
127337511763443,127337511870330,106887,0,106887
127337511939528,127337512102002,162474,0,162474
127337512157769,127337512263082,105313,0,105313
127337512313577,127337512409110,95533,0,95533
127337512455352,127337512548722,93370,0,93370
127337512599769,127337512693506,93737,0,93737
127337512740120,127337512831826,91706,0,91706
127337512878791,127337512970066,91275,0,91275
127337513016880,127337513107397,90517,0,90517
127337513153415,127337513243913,90498,0,90498
127337513289578,127337513391094,101516,0,101516
127337513440178,127337513531430,91252,0,91252
127337513577271,127337513667800,90529,0,90529
127337513713344,127337513803896,90552,0,90552
127337513849905,127337513952395,102490,0,102490
127337514002057,127337514093608,91551,0,91551
127337514139624,127337514230228,90604,0,90604
127337514275564,127337514365915,90351,0,90351
127337514411705,127337514501977,90272,0,90272
127337514547777,127337514638558,90781,0,90781
127337514691191,127337514782294,91103,0,91103
127337514828700,127337514919391,90691,0,90691
127337514965270,127337515055481,90211,0,90211
127337515101257,127337515191966,90709,0,90709
127337515248508,127337515391820,143312,0,143312
127337515444266,127337515535736,91470,0,91470
127337515582687,127337515673689,91002,0,91002
127337515720000,127337515810405,90405,0,90405
127337515856412,127337515946675,90263,0,90263
127337515992988,127337516083174,90186,0,90186
127337516128650,127337516218861,90211,0,90211
127337516264731,127337516354933,90202,0,90202
127337516400703,127337516491043,90340,0,90340
127337516537031,127337516627000,89969,0,89969
127337516672430,127337516762675,90245,0,90245
127337516808671,127337516898577,89906,0,89906
127337516950300,127337517148772,198472,0,198472
127337517207162,127337517345283,138121,0,138121
127337517399962,127337517508998,109036,0,109036
127337517562641,127337517670003,107362,0,107362
127337517723319,127337517832117,108798,0,108798
127337517885660,127337518052484,166824,0,166824
127337518120726,127337518222228,101502,0,101502
127337518285759,127337518398664,112905,0,112905
127337518455584,127337518665457,209873,0,209873
127337518727419,127337518931463,204044,0,204044
127337518990256,127337519194352,204096,0,204096
127337519252846,127337519367133,114287,0,114287
127337519421201,127337519625087,203886,0,203886
127337519683618,127337519795154,111536,0,111536
127337519849437,127337519957895,108458,0,108458
127337520011277,127337520118922,107645,0,107645
127337520172207,127337520369299,197092,0,197092
127337520425969,127337520655043,229074,0,229074
127337520724754,127337520826418,101664,0,101664
127337520875001,127337520966595,91594,0,91594
127337521013313,127337521104068,90755,0,90755
127337521149924,127337521240748,90824,0,90824
127337521286990,127337521377178,90188,0,90188
127337521423082,127337521513971,90889,0,90889
127337521565697,127337521656644,90947,0,90947
127337521709778,127337521800779,91001,0,91001
127337521847154,127337521938374,91220,0,91220
127337521984844,127337522074989,90145,0,90145
127337522120335,127337522210459,90124,0,90124
127337522256287,127337522346444,90157,0,90157
127337522392313,127337522482630,90317,0,90317
127337522528771,127337522618714,89943,0,89943
127337522664092,127337522754359,90267,0,90267
127337522800835,127337522891116,90281,0,90281
127337522943705,127337523034664,90959,0,90959
127337523081578,127337523172576,90998,0,90998
127337523218840,127337523309205,90365,0,90365
127337523355301,127337523445794,90493,0,90493
127337523491998,127337523582021,90023,0,90023
127337523628188,127337523718630,90442,0,90442
127337523764464,127337523854513,90049,0,90049
127337523901116,127337524032013,130897,0,130897
127337524086391,127337524178818,92427,0,92427
127337524225817,127337524317966,92149,0,92149
127337524364583,127337524455652,91069,0,91069
127337524501495,127337524592128,90633,0,90633
127337524638081,127337524728932,90851,0,90851
127337524775009,127337524865537,90528,0,90528
127337524911146,127337525002132,90986,0,90986
127337525047806,127337525138139,90333,0,90333
127337525184230,127337525274476,90246,0,90246
127337525320204,127337525410435,90231,0,90231
127337525457333,127337525548404,91071,0,91071
127337525594103,127337525684423,90320,0,90320
127337525730199,127337525820320,90121,0,90121
127337525866164,127337525956529,90365,0,90365
127337526002197,127337526092451,90254,0,90254
127337526138533,127337526228779,90246,0,90246
127337526274648,127337526364746,90098,0,90098
127337526410577,127337526500580,90003,0,90003
127337526546268,127337526636434,90166,0,90166
127337526682084,127337526772241,90157,0,90157
127337526818175,127337526908186,90011,0,90011
127337526954097,127337527044658,90561,0,90561
127337527091139,127337527181314,90175,0,90175
127337527226990,127337527326937,99947,0,99947
127337527375574,127337527466856,91282,0,91282
127337527512925,127337527603290,90365,0,90365
127337527649243,127337527739306,90063,0,90063
127337527784629,127337527875044,90415,0,90415
127337527921320,127337528011289,89969,0,89969
127337528057293,127337528147513,90220,0,90220
127337528193063,127337528283347,90284,0,90284
127337528328875,127337528419166,90291,0,90291
127337528465350,127337528555630,90280,0,90280
127337528601714,127337528692194,90480,0,90480
127337528737983,127337528828039,90056,0,90056
127337528874136,127337528964533,90397,0,90397
127337529010920,127337529101409,90489,0,90489
127337529147757,127337529238145,90388,0,90388
127337529283988,127337529374021,90033,0,90033
127337529419840,127337529510205,90365,0,90365
127337529555958,127337529645942,89984,0,89984
127337529692229,127337529782418,90189,0,90189
127337529836920,127337529945437,108517,0,108517
127337529996752,127337530088400,91648,0,91648
127337530135385,127337530226503,91118,0,91118
127337530272260,127337530362597,90337,0,90337
127337530408548,127337530498767,90219,0,90219
127337530544477,127337530640780,96303,0,96303
127337530687531,127337530778194,90663,0,90663
127337530824418,127337530914489,90071,0,90071
127337530960362,127337531050597,90235,0,90235
127337531096297,127337531186320,90023,0,90023
127337531231845,127337531322284,90439,0,90439
127337531368142,127337531458568,90426,0,90426
127337531504632,127337531594752,90120,0,90120
127337531640830,127337531731333,90503,0,90503
127337531776842,127337531867223,90381,0,90381
127337531913846,127337532004550,90704,0,90704
127337532050474,127337532140797,90323,0,90323
127337532186527,127337532276628,90101,0,90101
127337532322309,127337532412397,90088,0,90088
127337532458387,127337532548432,90045,0,90045
127337532594942,127337532684925,89983,0,89983
127337532731116,127337532821734,90618,0,90618
127337532867913,127337532958376,90463,0,90463
127337533004699,127337533095275,90576,0,90576
127337533140919,127337533231808,90889,0,90889
127337533277426,127337533367671,90245,0,90245
127337533413649,127337533503860,90211,0,90211
127337533549319,127337533639823,90504,0,90504
127337533685573,127337533775656,90083,0,90083
127337533825977,127337533916655,90678,0,90678
127337533974281,127337534065296,91015,0,91015
127337534111576,127337534202030,90454,0,90454
127337534247578,127337534337457,89879,0,89879
127337534383922,127337534475132,91210,0,91210
127337534521394,127337534611693,90299,0,90299
127337534657473,127337534747885,90412,0,90412
127337534793764,127337534884110,90346,0,90346
127337534930091,127337535020909,90818,0,90818
127337535066941,127337535157524,90583,0,90583
127337535203388,127337535293437,90049,0,90049
127337535339130,127337535429212,90082,0,90082
127337535474908,127337535565608,90700,0,90700
127337535611882,127337535702277,90395,0,90395
127337535748691,127337535838840,90149,0,90149
127337535884207,127337535974095,89888,0,89888
127337536020100,127337536110281,90181,0,90181
127337536156120,127337536246291,90171,0,90171
127337536292641,127337536383423,90782,0,90782
127337536429047,127337536519481,90434,0,90434
127337536565237,127337536655748,90511,0,90511
127337536812993,127337536908785,95792,0,95792
127337536959775,127337537051489,91714,0,91714
127337537098230,127337537188964,90734,0,90734
127337537235097,127337537330090,94993,0,94993
127337537377789,127337537468351,90562,0,90562
127337537515060,127337537606009,90949,0,90949
127337537652435,127337537742934,90499,0,90499
127337537789556,127337537879598,90042,0,90042
127337537926433,127337538016811,90378,0,90378
127337538062932,127337538153498,90566,0,90566
127337538200075,127337538291062,90987,0,90987
127337538337063,127337538427309,90246,0,90246
127337538473666,127337538563888,90222,0,90222
127337538610103,127337538700864,90761,0,90761
127337538747466,127337538838332,90866,0,90866
127337538884152,127337538974490,90338,0,90338
127337539020417,127337539110526,90109,0,90109
127337539156563,127337539246855,90292,0,90292
127337539292947,127337539383373,90426,0,90426
127337539429602,127337539519690,90088,0,90088
127337539565670,127337539655474,89804,0,89804
127337539701560,127337539791684,90124,0,90124
127337539837786,127337539928420,90634,0,90634
127337539974779,127337540065474,90695,0,90695
127337540111962,127337540201822,89860,0,89860
127337540247438,127337540337700,90262,0,90262
127337540384022,127337540474489,90467,0,90467
127337540521175,127337540616210,95035,0,95035
127337540663614,127337540753742,90128,0,90128
127337540799636,127337540890055,90419,0,90419
127337540936226,127337541026604,90378,0,90378
127337541073045,127337541163460,90415,0,90415
127337541209550,127337541299438,89888,0,89888
127337541346104,127337541436167,90063,0,90063
127337541482796,127337541573161,90365,0,90365
127337541619586,127337541709686,90100,0,90100
127337541755666,127337541846053,90387,0,90387
127337541892382,127337541982429,90047,0,90047
127337542028888,127337542119485,90597,0,90597
127337542166216,127337542256979,90763,0,90763
127337542303364,127337542394992,91628,0,91628
127337542442232,127337542535029,92797,0,92797
127337542585123,127337542724325,139202,0,139202
127337542781947,127337542930116,148169,0,148169
127337542984673,127337543084724,100051,0,100051
127337543132169,127337543225871,93702,0,93702
127337543272809,127337543366444,93635,0,93635
127337543414528,127337543551733,137205,0,137205
127337543607105,127337543727769,120664,0,120664
127337543779807,127337543901256,121449,0,121449
127337543974892,127337544077635,102743,0,102743
127337544135282,127337544341506,206224,0,206224
127337544404635,127337544524079,119444,0,119444
127337544574012,127337544680469,106457,0,106457
127337544728699,127337544830878,102179,0,102179
127337544879375,127337544975543,96168,0,96168
127337545022151,127337545113892,91741,0,91741
127337545160985,127337545252802,91817,0,91817
127337545298849,127337545390998,92149,0,92149
127337545437231,127337545529196,91965,0,91965
127337545583789,127337545709919,126130,0,126130
127337545790511,127337545936764,146253,0,146253
127337546007337,127337546215356,208019,0,208019
127337546286136,127337546508737,222601,0,222601
127337546569669,127337546783830,214161,0,214161
127337546843844,127337547052866,209022,0,209022
127337547108734,127337547303099,194365,0,194365
127337547357159,127337547457384,100225,0,100225
127337547510619,127337547606819,96200,0,96200
127337547663948,127337547765582,101634,0,101634
127337547814502,127337547912004,97502,0,97502
127337547959404,127337548054564,95160,0,95160
127337548101556,127337548197308,95752,0,95752
127337548244869,127337548338470,93601,0,93601
127337548385432,127337548477636,92204,0,92204
127337548523873,127337548617151,93278,0,93278
127337548665075,127337548756856,91781,0,91781
127337548803797,127337548958151,154354,0,154354
127337549027803,127337549201305,173502,0,173502
127337549272956,127337549449191,176235,0,176235
127337549528639,127337549716198,187559,0,187559
127337549788796,127337550025974,237178,0,237178
127337550095894,127337550332434,236540,0,236540
127337550395460,127337550627517,232057,0,232057
127337550689556,127337550905487,215931,0,215931
127337550964173,127337551170583,206410,0,206410
127337551239588,127337551426443,186855,0,186855
127337551492280,127337551705482,213202,0,213202
127337551765927,127337551982494,216567,0,216567
127337552046729,127337552264434,217705,0,217705
127337552324565,127337552553520,228955,0,228955
127337552618442,127337552833176,214734,0,214734
127337552892153,127337553098816,206663,0,206663
127337553156344,127337553360704,204360,0,204360
127337553418349,127337553620454,202105,0,202105
127337553679734,127337553880728,200994,0,200994
127337553946443,127337554148442,201999,0,201999
127337554203528,127337554326847,123319,0,123319
127337554376284,127337554471015,94731,0,94731
127337554518569,127337554634575,116006,0,116006
127337554696062,127337554789182,93120,0,93120
127337554836526,127337554927521,90995,0,90995
127337554982450,127337555076071,93621,0,93621
127337555124768,127337555216087,91319,0,91319
127337555375026,127337555469239,94213,0,94213
127337555518324,127337555609438,91114,0,91114
127337555656277,127337555746546,90269,0,90269
127337555793171,127337555883644,90473,0,90473
127337555929974,127337556020553,90579,0,90579
127337556067324,127337556157618,90294,0,90294
127337556203840,127337556302011,98171,0,98171
127337556351783,127337556443717,91934,0,91934
127337556489736,127337556580660,90924,0,90924
127337556626407,127337556716698,90291,0,90291
127337556762701,127337556853501,90800,0,90800
127337556898974,127337556988950,89976,0,89976
127337557034445,127337557124221,89776,0,89776
127337557169873,127337557260170,90297,0,90297
127337557314407,127337557406246,91839,0,91839
127337557453864,127337557544724,90860,0,90860
127337557590785,127337557681279,90494,0,90494
127337557727557,127337557817640,90083,0,90083
127337557864043,127337557955007,90964,0,90964
127337558001396,127337558091667,90271,0,90271
127337558137440,127337558227692,90252,0,90252
127337558273510,127337558363569,90059,0,90059
127337558409381,127337558499980,90599,0,90599
127337558545713,127337558635261,89548,0,89548
127337558680969,127337558770581,89612,0,89612
127337558816528,127337558906757,90229,0,90229
127337558960162,127337559051886,91724,0,91724
127337559098977,127337559189417,90440,0,90440
127337559234787,127337559324698,89911,0,89911
127337559370783,127337559461251,90468,0,90468
127337559507271,127337559598053,90782,0,90782
127337559643964,127337559734191,90227,0,90227
127337559779768,127337559869997,90229,0,90229
127337559915383,127337560005592,90209,0,90209
127337560051068,127337560178348,127280,0,127280
127337560234978,127337560432658,197680,0,197680
127337560494596,127337560648296,153700,0,153700
127337560708384,127337560807938,99554,0,99554
127337560856305,127337560954832,98527,0,98527
127337561002417,127337561112422,110005,0,110005
127337561170708,127337561280707,109999,0,109999
127337561330384,127337561437812,107428,0,107428
127337561487481,127337561594051,106570,0,106570
127337561643398,127337561745221,101823,0,101823
127337561793588,127337561961165,167577,0,167577
127337562019019,127337562137031,118012,0,118012
127337562193758,127337562387458,193700,0,193700
127337562444407,127337562643810,199403,0,199403
127337562699907,127337562802222,102315,0,102315
127337562851193,127337563041198,190005,0,190005
127337563096770,127337563213093,116323,0,116323
127337563266733,127337563365016,98283,0,98283
127337563419124,127337563517704,98580,0,98580
127337563566108,127337563754537,188429,0,188429
127337563810240,127337564017201,206961,0,206961
127337564074300,127337564218179,143879,0,143879
127337564268095,127337564367585,99490,0,99490
127337564416567,127337564514456,97889,0,97889
127337564562669,127337564660060,97391,0,97391
127337564707627,127337564805180,97553,0,97553
127337564853065,127337564950352,97287,0,97287
127337564998402,127337565095771,97369,0,97369
127337565144581,127337565333560,188979,0,188979
127337565389195,127337565587645,198450,0,198450
127337565644408,127337565843205,198797,0,198797
127337565898397,127337566096957,198560,0,198560
127337566152960,127337566354599,201639,0,201639
127337566418113,127337566522676,104563,0,104563
127337566575616,127337566675839,100223,0,100223
127337566724194,127337566874969,150775,0,150775
127337566931063,127337567133162,202099,0,202099
127337567189207,127337567329141,139934,0,139934
127337567379510,127337567479177,99667,0,99667
127337567527864,127337567625877,98013,0,98013
127337567674326,127337567772472,98146,0,98146
127337567821049,127337567918315,97266,0,97266
127337567966060,127337568063371,97311,0,97311
127337568111180,127337568209689,98509,0,98509
127337568257300,127337568418889,161589,0,161589
127337568475278,127337568674849,199571,0,199571
127337568731131,127337568929825,198694,0,198694
127337568985575,127337569103164,117589,0,117589
127337569151806,127337569250494,98688,0,98688
127337569298597,127337569396792,98195,0,98195
127337569445048,127337569543049,98001,0,98001
127337569591387,127337569688636,97249,0,97249
127337569736665,127337569833772,97107,0,97107
127337569882173,127337570071857,189684,0,189684
127337570128834,127337570327521,198687,0,198687
127337570383094,127337570581810,198716,0,198716
127337570638883,127337570738336,99453,0,99453
127337570787607,127337570885295,97688,0,97688
127337570933469,127337571030736,97267,0,97267
127337571079046,127337571176563,97517,0,97517
127337571224286,127337571322893,98607,0,98607
127337571371558,127337571518850,147292,0,147292
127337571581787,127337571781081,199294,0,199294
127337571837166,127337572035784,198618,0,198618
127337572091295,127337572202163,110868,0,110868
127337572250790,127337572358075,107285,0,107285
127337572408616,127337572500164,91548,0,91548
127337572546674,127337572637249,90575,0,90575
127337572683585,127337572774118,90533,0,90533
127337572819912,127337572910939,91027,0,91027
127337572956851,127337573047519,90668,0,90668
127337573093352,127337573183383,90031,0,90031
127337573228941,127337573318723,89782,0,89782
127337573364043,127337573454452,90409,0,90409
127337573500451,127337573590615,90164,0,90164
127337573636650,127337573726480,89830,0,89830
127337573772645,127337573863524,90879,0,90879
127337573909336,127337574009369,100033,0,100033
127337574057431,127337574148273,90842,0,90842
127337574194455,127337574285478,91023,0,91023
127337574331132,127337574421674,90542,0,90542
127337574467567,127337574557808,90241,0,90241
127337574603707,127337574694433,90726,0,90726
127337574740049,127337574830521,90472,0,90472
127337574876211,127337574966543,90332,0,90332
127337575012005,127337575102050,90045,0,90045
127337575147455,127337575237228,89773,0,89773
127337575282949,127337575373101,90152,0,90152
127337575418712,127337575508816,90104,0,90104
127337575555306,127337575645424,90118,0,90118
127337575690978,127337575780844,89866,0,89866
127337575826085,127337575916709,90624,0,90624
127337575962786,127337576052862,90076,0,90076
127337576099191,127337576189057,89866,0,89866
127337576234298,127337576324201,89903,0,89903
127337576370043,127337576460443,90400,0,90400
127337576506220,127337576596168,89948,0,89948
127337576641991,127337576731980,89989,0,89989
127337576777966,127337576867875,89909,0,89909
127337576913606,127337577003918,90312,0,90312
127337577049621,127337577139546,89925,0,89925
127337577185347,127337577282107,96760,0,96760
127337577330332,127337577421025,90693,0,90693
127337577466517,127337577557298,90781,0,90781
127337577602740,127337577693454,90714,0,90714
127337577744004,127337577834854,90850,0,90850
127337577885422,127337577975629,90207,0,90207
127337578021046,127337578111370,90324,0,90324
127337578156874,127337578247143,90269,0,90269
127337578292898,127337578382962,90064,0,90064
127337578429823,127337578520283,90460,0,90460
127337578566065,127337578656272,90207,0,90207
