140871687705794,140871687707079,1285,0,1285
140871763526761,140871763527486,725,0,725
140871764243613,140871764244238,625,0,625
140871764858875,140871764859213,338,0,338
140871765474179,140871765474617,438,0,438
140871765953491,140871765953786,295,0,295
140871766354701,140871766355049,348,0,348
140871766909319,140871766909742,423,0,423
140871767414126,140871767414502,376,0,376
140871767943805,140871767944177,372,0,372
140871768330647,140871768331036,389,0,389
140871768786993,140871768787735,742,0,742
140871769163939,140871769164419,480,0,480
140871769565008,140871769565367,359,0,359
140871769936236,140871769936624,388,0,388
140871770276216,140871770276578,362,0,362
140871770608397,140871770608817,420,0,420
140871770908996,140871770909437,441,0,441
140871771193748,140871771194057,309,0,309
140871771483361,140871771483744,383,0,383
140871771791563,140871771791998,435,0,435
140871772107801,140871772108139,338,0,338
140871772487091,140871772487387,296,0,296
140871772924170,140871772924542,372,0,372
140871773380130,140871773380608,478,0,478
140871773884748,140871773885244,496,0,496
140871774361582,140871774362074,492,0,492
140871774824761,140871774825294,533,0,533
140871775226454,140871775226823,369,0,369
140871775649888,140871775650272,384,0,384
140871776215559,140871776216048,489,0,489
140871776688392,140871776688668,276,0,276
140871777139961,140871777140297,336,0,336
140871777621771,140871777622146,375,0,375
140871778059773,140871778060158,385,0,385
140871778527971,140871778528329,358,0,358
140871778982380,140871778982929,549,0,549
140871779445504,140871779445826,322,0,322
140871779931579,140871779931947,368,0,368
140871780791930,140871780792452,522,0,522
140871781511220,140871781512478,1258,0,1258
140871782033719,140871782034085,366,0,366
140871782457592,140871782457995,403,0,403
140871782897515,140871782897799,284,0,284
140871783313383,140871783313633,250,0,250
140871783772286,140871783772587,301,0,301
140871784184601,140871784185029,428,0,428
140871784581263,140871784581521,258,0,258
140871785008387,140871785008629,242,0,242
140871785442873,140871785443230,357,0,357
140871812873380,140871812874079,699,0,699
140871813687953,140871813688705,752,0,752
140871814246495,140871814247102,607,0,607
140871814706143,140871814706588,445,0,445
140871815162714,140871815163176,462,0,462
140871815611472,140871815612010,538,0,538
140871816355365,140871816355800,435,0,435
140871816835888,140871816836244,356,0,356
140871817358504,140871817359032,528,0,528
140871817798145,140871817798601,456,0,456
140871818251413,140871818251731,318,0,318
140871818714416,140871818714791,375,0,375
140871819170329,140871819170696,367,0,367
140871819567369,140871819567821,452,0,452
140871819976056,140871819976335,279,0,279
140871820811056,140871820811466,410,0,410
140871821363206,140871821363793,587,0,587
140871821880512,140871821881248,736,0,736
140871822483147,140871822484244,1097,0,1097
140871823021351,140871823021730,379,0,379
140871823476412,140871823476747,335,0,335
140871823894841,140871823895231,390,0,390
140871824338330,140871824338852,522,0,522
140871824771667,140871824772057,390,0,390
140871825205456,140871825205828,372,0,372
140871825628654,140871825629134,480,0,480
140871826036895,140871826037136,241,0,241
140871826383087,140871826383361,274,0,274
140871826754581,140871826754973,392,0,392
140871827131775,140871827132582,807,0,807
140871827598063,140871827598930,867,0,867
140871828006906,140871828007265,359,0,359
140871828383409,140871828383673,264,0,264
140871828726518,140871828726863,345,0,345
140871829119152,140871829119498,346,0,346
140871829482554,140871829483015,461,0,461
140871829882121,140871829882622,501,0,501
140871830246153,140871830246596,443,0,443
140871830640182,140871830640543,361,0,361
140871831012617,140871831012897,280,0,280
140871831376715,140871831377086,371,0,371
140871831693250,140871831693613,363,0,363
140871832012762,140871832013081,319,0,319
140871832344313,140871832344641,328,0,328
140871832794701,140871832795111,410,0,410
140871833139267,140871833139941,674,0,674
140871833617887,140871833618715,828,0,828
140871833977769,140871833978213,444,0,444
140871834337687,140871834338378,691,0,691
140871834666593,140871834666962,369,0,369
140871835001900,140871835002280,380,0,380
140871835273331,140871835273750,419,0,419
140871835593383,140871835593639,256,0,256
140871835864983,140871835865357,374,0,374
140871836169263,140871836169522,259,0,259
140871836479442,140871836479739,297,0,297
140871836778307,140871836778609,302,0,302
140871837066858,140871837067209,351,0,351
140871837354596,140871837354847,251,0,251
140871837638505,140871837638803,298,0,298
140871838031350,140871838031634,284,0,284
140871838314302,140871838314573,271,0,271
140871838607093,140871838607485,392,0,392
140871838911760,140871838912129,369,0,369
140871839237696,140871839238114,418,0,418
140871839588446,140871839588815,369,0,369
140871839948652,140871839948999,347,0,347
140871840301156,140871840301384,228,0,228
140871840622714,140871840622908,194,0,194
140871840931083,140871840931423,340,0,340
140871841261978,140871841262271,293,0,293
140871841593468,140871841593789,321,0,321
140871841975687,140871841976035,348,0,348
140871842331948,140871842332210,262,0,262
140871842746002,140871842746417,415,0,415
140871843249737,140871843250061,324,0,324
140871843580350,140871843580678,328,0,328
140871843892744,140871843893016,272,0,272
140871844275739,140871844276063,324,0,324
140871844707567,140871844707926,359,0,359
140871845095795,140871845096246,451,0,451
140871845551284,140871845551696,412,0,412
140871845974070,140871845974707,637,0,637
140871846390984,140871846391411,427,0,427
140871847119893,140871847120557,664,0,664
140871847629583,140871847629967,384,0,384
140871848140276,140871848140776,500,0,500
140871848627371,140871848627729,358,0,358
140871849047582,140871849047957,375,0,375
140871849515961,140871849516362,401,0,401
140871849971233,140871849971604,371,0,371
140871850380605,140871850381041,436,0,436
140871850800514,140871850800909,395,0,395
140871851249083,140871851249455,372,0,372
140871851737141,140871851737546,405,0,405
140871852286452,140871852286804,352,0,352
140871852821284,140871852821649,365,0,365
140871853386545,140871853386901,356,0,356
140871853914539,140871853915008,469,0,469
140871854375309,140871854375536,227,0,227
140871854789444,140871854789716,272,0,272
140871855143671,140871855143994,323,0,323
140871855519969,140871855520543,574,0,574
140871856048815,140871856049216,401,0,401
140871856538414,140871856539017,603,0,603
140871857036858,140871857037245,387,0,387
140871857478702,140871857479016,314,0,314
140871857888666,140871857888888,222,0,222
140871858331300,140871858331599,299,0,299
140871858622088,140871858622365,277,0,277
140871858878459,140871858878690,231,0,231
140871859147929,140871859148145,216,0,216
140871859412536,140871859412777,241,0,241
140871859669275,140871859669573,298,0,298
140871859947495,140871859947763,268,0,268
140871860352382,140871860352763,381,0,381
140871860620596,140871860621022,426,0,426
140871860879722,140871860879994,272,0,272
140871861130801,140871861131119,318,0,318
140871861380204,140871861380487,283,0,283
140871861616501,140871861616746,245,0,245
140871861878957,140871861879350,393,0,393
140871862207191,140871862207487,296,0,296
140871862551445,140871862551736,291,0,291
140871862851590,140871862851715,125,0,125
140871863068262,140871863068456,194,0,194
140871863251553,140871863251699,146,0,146
140871863488873,140871863489055,182,0,182
140871863665566,140871863665721,155,0,155
140871863842013,140871863842157,144,0,144
140871864017541,140871864017674,133,0,133
140871864191933,140871864192079,146,0,146
140871864374283,140871864374409,126,0,126
140871864554829,140871864554953,124,0,124
140871864729069,140871864729205,136,0,136
140871864901674,140871864901806,132,0,132
140871865070069,140871865070232,163,0,163
140871865393271,140871865393552,281,0,281
140871865687842,140871865688104,262,0,262
140871866173893,140871866174293,400,0,400
140871866675645,140871866676093,448,0,448
140871867217575,140871867217857,282,0,282
140871867639855,140871867640264,409,0,409
140871868030209,140871868030568,359,0,359
140871868568819,140871868569341,522,0,522
140871868981619,140871868981865,246,0,246
140871869279145,140871869279348,203,0,203
140871869526901,140871869527087,186,0,186
140871869764920,140871869765105,185,0,185
140871870083234,140871870083475,241,0,241
140871870564465,140871870564744,279,0,279
140871870958673,140871870958936,263,0,263
140871871458874,140871871459309,435,0,435
140871871810097,140871871810417,320,0,320
140871872216446,140871872216750,304,0,304
140871872585712,140871872586239,527,0,527
140871872926692,140871872926959,267,0,267
140871873251249,140871873251514,265,0,265
140871873622698,140871873622924,226,0,226
140871873971279,140871873971643,364,0,364
140871874281395,140871874281733,338,0,338
140871874576321,140871874576618,297,0,297
140871874868515,140871874868793,278,0,278
140871875171485,140871875171800,315,0,315
140871875586394,140871875586706,312,0,312
140871875965823,140871875966189,366,0,366
140871876278111,140871876278368,257,0,257
140871876524999,140871876525261,262,0,262
140871876750697,140871876750938,241,0,241
140871877013919,140871877014266,347,0,347
140871877484862,140871877485101,239,0,239
140871877875302,140871877875563,261,0,261
140871878373111,140871878373417,306,0,306
140871878777530,140871878777842,312,0,312
140871879096873,140871879097152,279,0,279
140871879404511,140871879404789,278,0,278
140871879681764,140871879681968,204,0,204
140871879940866,140871879941088,222,0,222
140871880189587,140871880189818,231,0,231
140871880435412,140871880435647,235,0,235
140871880692148,140871880692368,220,0,220
140871880980737,140871880981022,285,0,285
140871881308366,140871881308579,213,0,213
140871881641054,140871881641281,227,0,227
140871881985474,140871881985698,224,0,224
140871882346432,140871882346687,255,0,255
140871882782363,140871882782970,607,0,607
140871883478842,140871883479259,417,0,417
140871884110291,140871884110772,481,0,481
140871884660504,140871884660944,440,0,440
140871885139523,140871885139856,333,0,333
140871885548601,140871885548852,251,0,251
140871885932002,140871885932276,274,0,274
140871886311269,140871886311585,316,0,316
140871886676370,140871886676633,263,0,263
140871887021737,140871887022064,327,0,327
140871887362158,140871887362476,318,0,318
140871887703881,140871887704152,271,0,271
140871888073186,140871888073441,255,0,255
140871888514290,140871888514548,258,0,258
140871888990150,140871888990860,710,0,710
140871889567324,140871889567744,420,0,420
140871890214475,140871890214773,298,0,298
140871890805049,140871890805345,296,0,296
140871891338912,140871891339182,270,0,270
140871892009027,140871892009388,361,0,361
140871892792781,140871892793252,471,0,471
140871893478424,140871893478957,533,0,533
140871894160842,140871894161365,523,0,523
140871894854658,140871894855105,447,0,447
140871895675947,140871895676506,559,0,559
140871896481917,140871896482324,407,0,407
140871897215472,140871897215812,340,0,340
140871897870168,140871897870849,681,0,681
140871898476434,140871898476812,378,0,378
140871899051197,140871899051607,410,0,410
140871899646325,140871899646944,619,0,619
140871900257821,140871900258085,264,0,264
140871901001018,140871901001898,880,0,880
140871902204376,140871902205295,919,0,919
140871903158356,140871903159134,778,0,778
140871903874889,140871903875486,597,0,597
140871904435532,140871904437117,1585,0,1585
140871904945765,140871904946153,388,0,388
140871905511270,140871905511644,374,0,374
140871906051859,140871906052211,352,0,352
140871906584070,140871906584440,370,0,370
140871907052024,140871907052374,350,0,350
140871907661126,140871907661909,783,0,783
140871908226849,140871908227190,341,0,341
140871908868508,140871908868894,386,0,386
140871909422834,140871909423341,507,0,507
140871909903811,140871909904085,274,0,274
140871910371642,140871910371920,278,0,278
140871910964565,140871910964860,295,0,295
140871911471614,140871911472050,436,0,436
140871911913129,140871911913760,631,0,631
140871912305192,140871912305511,319,0,319
140871912715261,140871912715590,329,0,329
140871913172134,140871913172475,341,0,341
140871913854986,140871913855320,334,0,334
140871914605645,140871914606145,500,0,500
140871915433693,140871915434133,440,0,440
140871916112681,140871916113076,395,0,395
140871916748559,140871916748954,395,0,395
140871917360716,140871917361292,576,0,576
140871918055943,140871918056712,769,0,769
140871918900192,140871918900580,388,0,388
140871920179962,140871920180897,935,0,935
140871921421154,140871921421869,715,0,715
140871922479992,140871922481153,1161,0,1161
140871923418340,140871923418752,412,0,412
140871923993854,140871923994374,520,0,520
140871924468461,140871924468762,301,0,301
140871924855781,140871924856082,301,0,301
140871925217755,140871925218090,335,0,335
140871925561066,140871925561408,342,0,342
140871926007089,140871926007551,462,0,462
140871926528344,140871926528644,300,0,300
140871927009721,140871927009968,247,0,247
140871927534430,140871927534849,419,0,419
140871928215450,140871928215893,443,0,443
140871928845646,140871928846445,799,0,799
140871929340034,140871929340346,312,0,312
140871929714787,140871929715039,252,0,252
140871930038353,140871930038568,215,0,215
140871930370771,140871930371181,410,0,410
140871930763995,140871930764395,400,0,400
140871931069652,140871931069902,250,0,250
140871931350590,140871931350846,256,0,256
140871931617154,140871931617397,243,0,243
140871931944533,140871931944777,244,0,244
140871932217045,140871932217301,256,0,256
140871932544801,140871932545052,251,0,251
140871932780273,140871932780506,233,0,233
140871932954229,140871932954442,213,0,213
140871933149772,140871933150027,255,0,255
140871933408870,140871933409125,255,0,255
140871933667484,140871933667737,253,0,253
140871933925188,140871933925436,248,0,248
140871934184606,140871934184846,240,0,240
140871934446710,140871934446960,250,0,250
140871934709689,140871934709923,234,0,234
140871934983704,140871934983991,287,0,287
140871935227881,140871935228135,254,0,254
140871935552353,140871935552734,381,0,381
140871935877948,140871935878190,242,0,242
140871936214907,140871936215279,372,0,372
140871936595629,140871936595893,264,0,264
140871937064957,140871937065193,236,0,236
140871937406639,140871937406870,231,0,231
140871937695612,140871937695838,226,0,226
140871938097773,140871938098021,248,0,248
140871938528823,140871938529190,367,0,367
140871938903246,140871938903509,263,0,263
140871939287958,140871939288225,267,0,267
140871939636889,140871939637203,314,0,314
140871939954279,140871939954497,218,0,218
140871940288589,140871940288828,239,0,239
140871940618979,140871940619790,811,0,811
140871941015527,140871941016206,679,0,679
140871941651908,140871941652481,573,0,573
140871942461391,140871942462166,775,0,775
140871943168321,140871943168790,469,0,469
140871943589611,140871943589917,306,0,306
140871944017288,140871944017519,231,0,231
140871944310391,140871944310606,215,0,215
140871944616772,140871944617010,238,0,238
140871944908353,140871944908588,235,0,235
140871945173414,140871945173594,180,0,180
140871945431450,140871945431662,212,0,212
140871945686581,140871945686813,232,0,232
140871945942325,140871945942478,153,0,153
140871946090847,140871946090996,149,0,149
140871946232857,140871946232997,140,0,140
140871946375278,140871946375421,143,0,143
140871946518520,140871946518645,125,0,125
140871946659506,140871946659639,133,0,133
140871946799750,140871946799896,146,0,146
140871946940763,140871946940918,155,0,155
140871947089888,140871947090005,117,0,117
140871947240443,140871947240636,193,0,193
140871947416806,140871947416986,180,0,180
140871947585664,140871947585964,300,0,300
140871947811278,140871947811511,233,0,233
140871948104721,140871948105099,378,0,378
140871948440306,140871948440552,246,0,246
140871948839272,140871948839574,302,0,302
140871949317849,140871949318497,648,0,648
140871949537475,140871949537666,191,0,191
140871949727303,140871949727524,221,0,221
140871950000480,140871950000715,235,0,235
140871950292592,140871950292867,275,0,275
140871950758716,140871950759276,560,0,560
140871951321089,140871951321358,269,0,269
140871951977622,140871951978302,680,0,680
140871952813407,140871952813932,525,0,525
140871953272538,140871953272812,274,0,274
140871953710601,140871953710921,320,0,320
140871954078448,140871954078707,259,0,259
140871954474365,140871954474643,278,0,278
140871954824147,140871954824392,245,0,245
140871955148529,140871955149069,540,0,540
140871955556697,140871955557060,363,0,363
140871955835814,140871955836348,534,0,534
140871956186446,140871956186693,247,0,247
140871956466674,140871956466945,271,0,271
140871956794907,140871956795135,228,0,228
140871957099072,140871957099571,499,0,499
140871957414554,140871957414817,263,0,263
140871957722744,140871957723014,270,0,270
140871958004668,140871958004896,228,0,228
140871958265408,140871958265635,227,0,227
140871958522481,140871958522706,225,0,225
140871958781381,140871958781595,214,0,214
140871959037366,140871959037597,231,0,231
140871959302853,140871959303102,249,0,249
140871959584598,140871959584833,235,0,235
140871959882838,140871959883073,235,0,235
140871960184356,140871960184630,274,0,274
140871960518006,140871960518249,243,0,243
140871960892786,140871960893137,351,0,351
140871961332385,140871961332769,384,0,384
140871961701086,140871961701343,257,0,257
140871962163367,140871962163668,301,0,301
140871962556744,140871962557019,275,0,275
140871963048514,140871963048864,350,0,350
140871963495470,140871963495821,351,0,351
140871963853970,140871963854320,350,0,350
140871964120788,140871964121033,245,0,245
140871964369267,140871964369512,245,0,245
140871964612581,140871964612831,250,0,250
140871964854982,140871964855219,237,0,237
140871965096112,140871965096359,247,0,247
140871965336920,140871965337165,245,0,245
140871965576917,140871965577165,248,0,248
140871965819393,140871965819652,259,0,259
140871966082194,140871966082487,293,0,293
140871966333977,140871966334198,221,0,221
140871966575125,140871966575347,222,0,222
140871966849485,140871966849790,305,0,305
140871967106853,140871967107111,258,0,258
140871967354102,140871967354344,242,0,242
140871967600947,140871967601194,247,0,247
140871967846791,140871967847011,220,0,220
140871968092993,140871968093223,230,0,230
140871968406070,140871968406260,190,0,190
140871968742395,140871968742741,346,0,346
140871969029597,140871969029927,330,0,330
140871969293845,140871969294164,319,0,319
140871969539271,140871969539498,227,0,227
140871969775759,140871969775974,215,0,215
140871970011730,140871970011968,238,0,238
140871970246776,140871970247041,265,0,265
140871970486539,140871970486768,229,0,229
140871970727470,140871970727750,280,0,280
140871970968721,140871970968992,271,0,271
140871971204746,140871971205018,272,0,272
140871971445531,140871971445740,209,0,209
140871971682110,140871971682349,239,0,239
140871971928461,140871971928726,265,0,265
140871972174889,140871972175167,278,0,278
140871972424175,140871972424448,273,0,273
140871972694583,140871972694937,354,0,354
140871973001140,140871973001365,225,0,225
140871973278537,140871973278822,285,0,285
140871973530902,140871973531180,278,0,278
140871973782513,140871973782774,261,0,261
140871974023502,140871974023733,231,0,231
140871974338052,140871974338338,286,0,286
140871974584899,140871974585144,245,0,245
140871974828194,140871974828441,247,0,247
140871975069664,140871975069906,242,0,242
140871975311491,140871975311751,260,0,260
140871975550697,140871975550938,241,0,241
140871975792928,140871975793187,259,0,259
140871976044277,140871976044558,281,0,281
140871976288045,140871976288292,247,0,247
140871976530798,140871976531055,257,0,257
140871976772654,140871976772893,239,0,239
140871977014148,140871977014398,250,0,250
140871977252370,140871977252696,326,0,326
140871977497555,140871977497862,307,0,307
140871977740333,140871977740629,296,0,296
140871978006383,140871978006678,295,0,295
140871978273789,140871978274062,273,0,273
140871978571509,140871978571902,393,0,393
140871978876082,140871978876320,238,0,238
140871979388041,140871979388577,536,0,536
140871979839454,140871979839815,361,0,361
140871980280341,140871980280733,392,0,392
140871980774000,140871980774348,348,0,348
140871981198627,140871981198888,261,0,261
140871981595904,140871981596233,329,0,329
140871982018250,140871982018550,300,0,300
140871982411953,140871982412289,336,0,336
140871982714588,140871982714877,289,0,289
140871982987499,140871982987822,323,0,323
140871983241806,140871983242086,280,0,280
140871983484139,140871983484459,320,0,320
140871983758093,140871983758378,285,0,285
140871984067870,140871984068128,258,0,258
140871984380810,140871984381026,216,0,216
140871984662756,140871984663033,277,0,277
140871984936222,140871984936435,213,0,213
140871985193622,140871985193823,201,0,201
140871985447056,140871985447317,261,0,261
140871985721327,140871985721651,324,0,324
140871986022727,140871986023036,309,0,309
140871986299478,140871986299723,245,0,245
140871986824852,140871986825108,256,0,256
140871987167526,140871987167731,205,0,205
140871987432829,140871987433042,213,0,213
140871987690229,140871987690453,224,0,224
140871987943123,140871987943340,217,0,217
140871988196060,140871988196279,219,0,219
140871988441849,140871988442137,288,0,288
140871988715973,140871988716328,355,0,355
140871988987857,140871988988095,238,0,238
140871989258278,140871989258769,491,0,491
140871989519307,140871989519548,241,0,241
140871989776140,140871989776457,317,0,317
140871990041459,140871990041672,213,0,213
140871990322774,140871990322999,225,0,225
140871990604842,140871990605059,217,0,217
140871990875689,140871990875912,223,0,223
140871991135256,140871991135481,225,0,225
140871991391473,140871991391690,217,0,217
140871991645559,140871991645792,233,0,233
140871991898933,140871991899151,218,0,218
140871992153204,140871992153439,235,0,235
140871992467829,140871992468078,249,0,249
140871992694781,140871992694938,157,0,157
140871992839609,140871992839765,156,0,156
140871992980571,140871992980703,132,0,132
140871993122248,140871993122413,165,0,165
140871993265065,140871993265235,170,0,170
140871993501540,140871993501850,310,0,310
140871993746238,140871993746466,228,0,228
140871993968494,140871993968781,287,0,287
140871994230055,140871994230352,297,0,297
140871994502193,140871994502510,317,0,317
140871994777548,140871994777834,286,0,286
140871995030771,140871995031028,257,0,257
140871995362369,140871995362666,297,0,297
140871995619244,140871995619518,274,0,274
140871995874349,140871995874633,284,0,284
140871996190464,140871996190742,278,0,278
140871996489255,140871996489602,347,0,347
140871996806499,140871996806736,237,0,237
140871997160066,140871997160436,370,0,370
140871997620950,140871997621388,438,0,438
140871998144499,140871998145029,530,0,530
140871998687667,140871998687931,264,0,264
140871999093863,140871999094094,231,0,231
140871999461076,140871999461403,327,0,327
140871999873426,140871999873684,258,0,258
140872000289020,140872000289355,335,0,335
140872000672639,140872000672899,260,0,260
140872001005910,140872001006130,220,0,220
140872001297691,140872001297885,194,0,194
140872001562806,140872001563023,217,0,217
140872001795534,140872001795715,181,0,181
140872001941849,140872001942030,181,0,181
140872002096133,140872002096409,276,0,276
140872002358361,140872002358594,233,0,233
140872002632069,140872002632303,234,0,234
140872002799568,140872002799862,294,0,294
140872002988048,140872002988186,138,0,138
140872003309561,140872003309818,257,0,257
140872003817031,140872003817351,320,0,320
140872004282936,140872004283249,313,0,313
140872004825714,140872004825975,261,0,261
140872005259808,140872005260216,408,0,408
140872005574513,140872005574773,260,0,260
140872005854011,140872005854224,213,0,213
140872006077325,140872006077497,172,0,172
140872006272354,140872006272578,224,0,224
140872006529759,140872006529966,207,0,207
140872006795002,140872006795269,267,0,267
140872007008103,140872007008292,189,0,189
140872007202127,140872007202372,245,0,245
140872007460312,140872007460563,251,0,251
140872007719465,140872007719861,396,0,396
140872007982983,140872007983254,271,0,271
140872008240970,140872008241187,217,0,217
140872008492705,140872008492933,228,0,228
140872008778214,140872008778461,247,0,247
140872009010159,140872009010431,272,0,272
140872009298539,140872009298897,358,0,358
140872009565529,140872009565799,270,0,270
140872009851182,140872009851472,290,0,290
140872010159284,140872010159539,255,0,255
140872010429022,140872010429258,236,0,236
140872010731805,140872010732019,214,0,214
140872010893996,140872010894204,208,0,208
140872011197130,140872011197376,246,0,246
140872011458066,140872011458311,245,0,245
140872011701863,140872011702065,202,0,202
140872011848507,140872011848652,145,0,145
140872012008360,140872012008596,236,0,236
140872012265912,140872012266157,245,0,245
140872012522450,140872012522679,229,0,229
140872012733199,140872012733452,253,0,253
140872012885129,140872012885267,138,0,138
140872013041565,140872013041729,164,0,164
140872013197117,140872013197344,227,0,227
140872013454490,140872013454703,213,0,213
140872013716353,140872013716583,230,0,230
140872013983823,140872013984238,415,0,415
140872014251810,140872014252066,256,0,256
140872014517281,140872014517508,227,0,227
140872014784059,140872014784261,202,0,202
140872015065936,140872015066220,284,0,284
140872015290493,140872015290744,251,0,251
140872015563043,140872015563287,244,0,244
140872015827166,140872015827408,242,0,242
140872016061101,140872016061301,200,0,200
140872016230112,140872016230318,206,0,206
140872016427296,140872016427551,255,0,255
140872016830908,140872016831157,249,0,249
140872017099757,140872017100002,245,0,245
140872017366528,140872017366773,245,0,245
140872017636227,140872017637525,1298,0,1298
140872017903413,140872017903772,359,0,359
140872018179795,140872018180095,300,0,300
140872018434294,140872018434525,231,0,231
140872018689899,140872018690100,201,0,201
140872018942722,140872018942950,228,0,228
140872019195495,140872019195731,236,0,236
140872019466993,140872019467225,232,0,232
140872019719966,140872019720192,226,0,226
140872019971956,140872019972181,225,0,225
140872020239597,140872020239895,298,0,298
140872020487140,140872020487423,283,0,283
140872020766416,140872020766735,319,0,319
140872021022661,140872021022932,271,0,271
140872021290494,140872021290732,238,0,238
140872021604862,140872021605086,224,0,224
140872021862769,140872021862964,195,0,195
140872022073502,140872022073694,192,0,192
140872022225937,140872022226086,149,0,149
140872022370816,140872022370938,122,0,122
140872022513643,140872022513795,152,0,152
140872022662718,140872022662888,170,0,170
140872022857904,140872022858059,155,0,155
140872023000358,140872023000514,156,0,156
140872023141888,140872023142036,148,0,148
140872023282315,140872023282469,154,0,154
140872023423415,140872023423566,151,0,151
140872023564267,140872023564423,156,0,156
140872023704893,140872023705046,153,0,153
140872023844822,140872023844986,164,0,164
140872023985060,140872023985224,164,0,164
140872024125816,140872024125988,172,0,172
140872024266845,140872024266996,151,0,151
140872024407681,140872024407850,169,0,169
140872024547936,140872024548076,140,0,140
140872024687634,140872024687782,148,0,148
140872024829181,140872024829330,149,0,149
140872024977741,140872024977852,111,0,111
140872025119028,140872025119192,164,0,164
140872025259396,140872025259545,149,0,149
140872025400414,140872025400552,138,0,138
140872025540174,140872025540321,147,0,147
140872025680002,140872025680166,164,0,164
140872025819980,140872025820150,170,0,170
140872026000597,140872026000827,230,0,230
140872026201337,140872026201456,119,0,119
140872026342536,140872026342647,111,0,111
140872026505148,140872026505402,254,0,254
140872026725619,140872026725831,212,0,212
140872026879733,140872026879906,173,0,173
140872027067940,140872027068196,256,0,256
140872027323340,140872027323591,251,0,251
140872027600744,140872027601005,261,0,261
140872027918586,140872027918861,275,0,275
140872028177318,140872028177561,243,0,243
140872028449376,140872028449616,240,0,240
140872028715439,140872028715817,378,0,378
140872028991314,140872028991584,270,0,270
140872029275894,140872029276084,190,0,190
140872029450477,140872029450671,194,0,194
140872029618851,140872029619026,175,0,175
140872029815092,140872029815330,238,0,238
140872030076770,140872030077012,242,0,242
140872030338844,140872030339089,245,0,245
140872030600994,140872030601245,251,0,251
140872030862358,140872030862598,240,0,240
140872031123422,140872031123658,236,0,236
140872031384179,140872031384423,244,0,244
140872031647596,140872031647846,250,0,250
140872031881276,140872031881485,209,0,209
140872032049697,140872032049916,219,0,219
140872032245671,140872032245922,251,0,251
140872032512943,140872032513188,245,0,245
140872032761065,140872032761323,258,0,258
140872032910897,140872032911058,161,0,161
140872033052350,140872033052473,123,0,123
140872033193504,140872033193651,147,0,147
140872033333401,140872033333559,158,0,158
140872033473007,140872033473163,156,0,156
140872033612096,140872033612240,144,0,144
140872033753130,140872033753251,121,0,121
140872033893267,140872033893408,141,0,141
140872034033610,140872034033742,132,0,132
140872034173083,140872034173241,158,0,158
140872034312771,140872034312914,143,0,143
140872034453259,140872034453394,135,0,135
140872034593370,140872034593505,135,0,135
140872034741467,140872034741631,164,0,164
140872034883072,140872034883244,172,0,172
140872035024056,140872035024205,149,0,149
140872035164840,140872035165005,165,0,165
140872035305360,140872035305542,182,0,182
140872035446771,140872035446905,134,0,134
140872035586643,140872035586797,154,0,154
140872035726301,140872035726421,120,0,120
140872035866183,140872035866338,155,0,155
140872036016315,140872036016471,156,0,156
140872036157084,140872036157221,137,0,137
140872036296850,140872036296977,127,0,127
140872036436505,140872036436644,139,0,139
140872036576161,140872036576297,136,0,136
140872036715603,140872036715749,146,0,146
140872036854599,140872036854738,139,0,139
140872036994111,140872036994249,138,0,138
140872037132506,140872037132667,161,0,161
140872037272699,140872037272860,161,0,161
140872037412340,140872037412505,165,0,165
140872037552158,140872037552312,154,0,154
140872037692165,140872037692308,143,0,143
140872037831941,140872037832085,144,0,144
140872037971498,140872037971654,156,0,156
140872038111400,140872038111556,156,0,156
140872038289541,140872038289754,213,0,213
140872038491480,140872038491756,276,0,276
140872038737586,140872038737844,258,0,258
140872038998345,140872038998647,302,0,302
140872039261535,140872039261771,236,0,236
140872039437018,140872039437175,157,0,157
140872039630706,140872039630876,170,0,170
140872039785814,140872039785984,170,0,170
140872039954871,140872039955037,166,0,166
140872040100124,140872040100288,164,0,164
140872040243657,140872040243816,159,0,159
140872040385513,140872040385670,157,0,157
140872040564445,140872040564631,186,0,186
140872040713950,140872040714127,177,0,177
140872040909626,140872040909798,172,0,172
140872041057940,140872041058099,159,0,159
140872041200554,140872041200666,112,0,112
140872041342105,140872041342254,149,0,149
140872041482189,140872041482339,150,0,150
140872041623367,140872041623526,159,0,159
140872041765917,140872041766067,150,0,150
140872041906869,140872041907034,165,0,165
140872042047500,140872042047661,161,0,161
140872042187935,140872042188111,176,0,176
140872042328138,140872042328272,134,0,134
140872042661964,140872042662237,273,0,273
140872042918619,140872042918854,235,0,235
140872043171388,140872043171617,229,0,229
140872043424816,140872043425042,226,0,226
140872043677332,140872043677561,229,0,229
140872043928822,140872043929051,229,0,229
140872044180138,140872044180367,229,0,229
140872044432162,140872044432378,216,0,216
140872044668908,140872044669148,240,0,240
140872044897700,140872044897953,253,0,253
140872045219079,140872045219423,344,0,344
140872045519288,140872045519582,294,0,294
140872045812191,140872045812456,265,0,265
140872046172910,140872046173106,196,0,196
140872046344671,140872046344823,152,0,152
140872046553512,140872046553701,189,0,189
140872046733610,140872046733789,179,0,179
140872047008427,140872047008684,257,0,257
140872047182337,140872047182514,177,0,177
140872047338379,140872047338546,167,0,167
140872047484252,140872047484395,143,0,143
140872047625921,140872047626026,105,0,105
140872047774940,140872047775057,117,0,117
140872047925405,140872047925530,125,0,125
140872048066821,140872048066929,108,0,108
140872048207675,140872048207787,112,0,112
140872048348799,140872048348894,95,0,95
140872048489470,140872048489582,112,0,112
140872048629952,140872048630061,109,0,109
140872048770025,140872048770125,100,0,100
140872048910287,140872048910391,104,0,104
140872049058653,140872049058913,260,0,260
140872049335088,140872049335338,250,0,250
140872049599685,140872049599908,223,0,223
140872049865651,140872049865867,216,0,216
140872050133265,140872050133495,230,0,230
140872050388900,140872050389141,241,0,241
140872050578292,140872050578517,225,0,225
140872050864558,140872050864789,231,0,231
140872051048312,140872051048481,169,0,169
140872051213534,140872051213637,103,0,103
140872051367576,140872051367695,119,0,119
140872051517736,140872051517869,133,0,133
140872051669970,140872051670082,112,0,112
140872051816794,140872051816904,110,0,110
140872052045278,140872052045578,300,0,300
140872052398794,140872052399065,271,0,271
140872052820366,140872052820688,322,0,322
140872053192490,140872053192838,348,0,348
140872053619223,140872053619491,268,0,268
140872053974039,140872053974309,270,0,270
140872054301885,140872054302199,314,0,314
140872054581503,140872054581737,234,0,234
140872054843751,140872054843981,230,0,230
140872055107063,140872055107220,157,0,157
140872055380866,140872055381079,213,0,213
140872055649007,140872055649229,222,0,222
140872055909715,140872055909944,229,0,229
140872056179468,140872056179721,253,0,253
140872056431658,140872056431948,290,0,290
140872056731750,140872056732028,278,0,278
140872057111110,140872057111447,337,0,337
140872057545449,140872057545719,270,0,270
140872058103770,140872058104278,508,0,508
140872058840619,140872058840938,319,0,319
140872059394166,140872059394505,339,0,339
140872059793541,140872059793791,250,0,250
140872060102042,140872060102344,302,0,302
140872060345804,140872060345960,156,0,156
140872060496898,140872060497073,175,0,175
140872060640418,140872060640567,149,0,149
140872060781110,140872060781247,137,0,137
140872060921712,140872060921872,160,0,160
140872061061729,140872061061906,177,0,177
140872061202475,140872061202650,175,0,175
140872061350885,140872061351213,328,0,328
140872061497213,140872061497356,143,0,143
140872061637835,140872061637985,150,0,150
140872061778008,140872061778182,174,0,174
140872061918674,140872061918841,167,0,167
140872062117483,140872062117616,133,0,133
140872062259154,140872062259287,133,0,133
140872062400215,140872062400376,161,0,161
140872062541369,140872062541523,154,0,154
140872062691088,140872062691235,147,0,147
140872062831654,140872062831791,137,0,137
140872062973353,140872062973523,170,0,170
140872063168785,140872063169053,268,0,268
140872063437315,140872063437562,247,0,247
140872063672239,140872063672474,235,0,235
140872063842953,140872063843194,241,0,241
140872064011290,140872064011499,209,0,209
140872064178124,140872064178338,214,0,214
140872064344149,140872064344360,211,0,211
140872064540555,140872064540802,247,0,247
140872064803509,140872064803769,260,0,260
140872065066112,140872065066360,248,0,248
140872065384497,140872065384751,254,0,254
140872065618568,140872065618795,227,0,227
140872065816326,140872065816589,263,0,263
140872066057697,140872066057937,240,0,240
140872066224533,140872066224758,225,0,225
140872066391874,140872066392099,225,0,225
140872066559801,140872066560015,214,0,214
140872066755929,140872066756174,245,0,245
140872067018940,140872067019194,254,0,254
140872067251127,140872067251342,215,0,215
140872067447559,140872067447816,257,0,257
140872067679884,140872067680093,209,0,209
140872067853585,140872067853817,232,0,232
140872068026993,140872068027195,202,0,202
140872068194176,140872068194385,209,0,209
140872068360713,140872068360892,179,0,179
140872068555766,140872068556021,255,0,255
140872068816951,140872068817203,252,0,252
140872069092231,140872069092487,256,0,256
140872069378238,140872069378497,259,0,259
140872069638229,140872069638430,201,0,201
140872069813398,140872069813603,205,0,205
140872069982787,140872069982985,198,0,198
140872070150686,140872070150895,209,0,209
140872070318458,140872070318677,219,0,219
140872070515821,140872070516087,266,0,266
140872070840280,140872070840508,228,0,228
140872071105132,140872071105370,238,0,238
140872071368964,140872071369205,241,0,241
140872071633340,140872071633584,244,0,244
140872071900883,140872071901129,246,0,246
140872072168758,140872072169010,252,0,252
140872072432659,140872072432894,235,0,235
140872072677073,140872072677290,217,0,217
140872072847767,140872072847984,217,0,217
140872073043985,140872073044224,239,0,239
140872073309318,140872073309555,237,0,237
140872073598770,140872073599012,242,0,242
140872073862393,140872073862616,223,0,223
140872074115358,140872074115588,230,0,230
140872074370013,140872074370241,228,0,228
140872074628136,140872074628406,270,0,270
140872074856788,140872074857008,220,0,220
140872075074059,140872075074391,332,0,332
140872075422575,140872075422826,251,0,251
140872075772027,140872075772418,391,0,391
140872076157451,140872076157735,284,0,284
140872076450414,140872076450612,198,0,198
140872076646187,140872076646368,181,0,181
140872076889418,140872076889646,228,0,228
140872077125856,140872077126030,174,0,174
140872077294849,140872077295031,182,0,182
140872077492855,140872077493109,254,0,254
140872077765826,140872077766081,255,0,255
140872078000134,140872078000325,191,0,191
140872078167978,140872078168167,189,0,189
140872078335305,140872078335500,195,0,195
140872078502593,140872078502777,184,0,184
140872078698692,140872078698921,229,0,229
140872078931439,140872078931637,198,0,198
140872079128032,140872079128271,239,0,239
140872079399172,140872079399405,233,0,233
140872079633008,140872079633223,215,0,215
140872079799954,140872079800143,189,0,189
140872079967598,140872079967807,209,0,209
140872080134590,140872080134768,178,0,178
140872080330623,140872080330863,240,0,240
140872080563374,140872080563554,180,0,180
140872080761198,140872080761448,250,0,250
140872080998436,140872080998626,190,0,190
140872081205053,140872081205325,272,0,272
140872081474052,140872081474395,343,0,343
140872081769667,140872081770208,541,0,541
140872082070372,140872082070612,240,0,240
140872082359576,140872082359808,232,0,232
140872082672915,140872082673101,186,0,186
140872082825489,140872082825631,142,0,142
140872082970168,140872082970317,149,0,149
140872083111418,140872083111563,145,0,145
140872083251896,140872083252046,150,0,150
140872083484867,140872083485103,236,0,236
140872083658685,140872083658895,210,0,210
140872083864211,140872083864409,198,0,198
140872084043040,140872084043225,185,0,185
140872084284488,140872084284720,232,0,232
140872084547435,140872084547687,252,0,252
140872084811894,140872084812129,235,0,235
140872085075138,140872085075358,220,0,220
140872085338657,140872085338892,235,0,235
140872085601492,140872085601729,237,0,237
140872085863769,140872085864005,236,0,236
140872086072096,140872086072298,202,0,202
140872086269082,140872086269319,237,0,237
140872086531795,140872086532028,233,0,233
140872086799371,140872086799728,357,0,357
140872087050070,140872087050333,263,0,263
140872087257168,140872087257417,249,0,249
140872087518151,140872087518383,232,0,232
140872087722082,140872087722302,220,0,220
140872087929910,140872087930226,316,0,316
140872088160367,140872088160748,381,0,381
140872088392031,140872088392331,300,0,300
140872088606865,140872088607058,193,0,193
140872089006260,140872089006509,249,0,249
140872089328800,140872089329023,223,0,223
140872089630758,140872089630955,197,0,197
140872089913829,140872089914052,223,0,223
140872090121808,140872090122012,204,0,204
140872090302572,140872090302773,201,0,201
140872090478375,140872090478593,218,0,218
140872090647672,140872090647866,194,0,194
140872090816024,140872090816203,179,0,179
140872090983534,140872090983710,176,0,176
140872091152386,140872091152583,197,0,197
140872091352383,140872091352625,242,0,242
140872091615132,140872091615374,242,0,242
140872091878040,140872091878295,255,0,255
140872092111643,140872092111858,215,0,215
140872092279616,140872092279816,200,0,200
140872092474287,140872092474531,244,0,244
140872092715791,140872092716019,228,0,228
140872092884672,140872092884895,223,0,223
140872093072992,140872093073230,238,0,238
140872093250374,140872093250622,248,0,248
140872093420916,140872093421145,229,0,229
140872093588157,140872093588358,201,0,201
140872093758126,140872093758343,217,0,217
140872093927896,140872093928096,200,0,200
140872094100071,140872094100271,200,0,200
140872094270654,140872094270852,198,0,198
140872094472046,140872094472293,247,0,247
140872094740835,140872094741088,253,0,253
140872095061529,140872095061697,168,0,168
140872095303269,140872095303478,209,0,209
140872095521415,140872095521615,200,0,200
140872095691896,140872095692108,212,0,212
140872095929415,140872095929608,193,0,193
140872096105950,140872096106171,221,0,221
140872096276369,140872096276561,192,0,192
140872096444654,140872096444862,208,0,208
140872096640668,140872096640907,239,0,239
140872096903280,140872096903523,243,0,243
140872097137086,140872097137305,219,0,219
140872097305435,140872097305638,203,0,203
140872097500730,140872097500961,231,0,231
140872097733756,140872097733953,197,0,197
140872097901196,140872097901385,189,0,189
140872098068227,140872098068421,194,0,194
140872098235489,140872098235657,168,0,168
140872098431450,140872098431697,247,0,247
140872098694882,140872098695144,262,0,262
140872098927965,140872098928188,223,0,223
140872099125536,140872099125780,244,0,244
140872099588590,140872099588841,251,0,251
140872099891018,140872099891461,443,0,443
140872100228769,140872100229030,261,0,261
140872100513161,140872100513358,197,0,197
140872100706149,140872100706298,149,0,149
140872100862127,140872100862281,154,0,154
140872101007154,140872101007313,159,0,159
140872101148761,140872101148901,140,0,140
140872101289587,140872101289732,145,0,145
140872101431118,140872101431224,106,0,106
140872101640234,140872101640397,163,0,163
140872101782388,140872101782537,149,0,149
140872101965156,140872101965385,229,0,229
140872102155540,140872102155784,244,0,244
140872102336660,140872102336842,182,0,182
140872102524286,140872102524474,188,0,188
140872102722922,140872102723069,147,0,147
140872102867560,140872102867723,163,0,163
140872103009694,140872103009851,157,0,157
140872103150481,140872103150620,139,0,139
140872103291863,140872103292008,145,0,145
140872103433413,140872103433571,158,0,158
140872103573453,140872103573579,126,0,126
140872103713524,140872103713676,152,0,152
140872103853706,140872103853860,154,0,154
140872104004315,140872104004441,126,0,126
140872104145196,140872104145345,149,0,149
140872104286196,140872104286343,147,0,147
140872104426801,140872104426958,157,0,157
140872104567178,140872104567337,159,0,159
140872104713928,140872104714076,148,0,148
140872104862011,140872104862149,138,0,138
140872105025474,140872105025666,192,0,192
140872105179190,140872105179358,168,0,168
140872105323135,140872105323291,156,0,156
140872105482694,140872105482902,208,0,208
140872105629897,140872105630037,140,0,140
140872105852236,140872105852550,314,0,314
140872106135674,140872106135879,205,0,205
140872106499876,140872106500144,268,0,268
140872106845643,140872106845910,267,0,267
140872107069618,140872107069876,258,0,258
140872107297524,140872107297776,252,0,252
140872107478809,140872107478967,158,0,158
140872107750453,140872107750610,157,0,157
140872107911867,140872107912023,156,0,156
140872108090964,140872108091131,167,0,167
140872108264440,140872108264787,347,0,347
140872108431544,140872108431671,127,0,127
140872108595790,140872108595932,142,0,142
140872108805771,140872108806003,232,0,232
140872109008638,140872109008810,172,0,172
140872109270054,140872109270298,244,0,244
140872109532731,140872109532928,197,0,197
140872109798785,140872109799081,296,0,296
140872110037913,140872110038115,202,0,202
140872110269613,140872110269822,209,0,209
140872110514220,140872110514388,168,0,168
140872110757528,140872110757713,185,0,185
140872110947240,140872110947414,174,0,174
140872111144440,140872111144624,184,0,184
140872111345166,140872111345348,182,0,182
140872111551870,140872111552185,315,0,315
140872111782730,140872111782957,227,0,227
140872111995725,140872111995938,213,0,213
140872112316111,140872112316490,379,0,379
140872112810228,140872112810704,476,0,476
140872113280053,140872113280377,324,0,324
140872114024756,140872114025269,513,0,513
140872114594859,140872114595415,556,0,556
140872114984068,140872114984372,304,0,304
140872115283523,140872115283704,181,0,181
140872115547600,140872115547782,182,0,182
140872115726526,140872115726702,176,0,176
140872115929946,140872115930140,194,0,194
140872116101597,140872116101817,220,0,220
140872116269268,140872116269482,214,0,214
140872116436920,140872116437111,191,0,191
140872116633655,140872116633906,251,0,251
140872116896399,140872116896647,248,0,248
140872117160968,140872117161221,253,0,253
140872117404855,140872117405062,207,0,207
140872117659968,140872117660220,252,0,252
140872117925839,140872117926118,279,0,279
140872118217698,140872118217969,271,0,271
140872118540696,140872118540943,247,0,247
140872118815985,140872118816219,234,0,234
140872119078371,140872119078620,249,0,249
140872119350878,140872119351110,232,0,232
140872119611153,140872119611375,222,0,222
140872119927271,140872119927517,246,0,246
140872120224875,140872120225113,238,0,238
140872120488460,140872120488689,229,0,229
140872120747803,140872120748039,236,0,236
140872121005544,140872121005783,239,0,239
140872121263360,140872121263589,229,0,229
140872121520797,140872121521035,238,0,238
140872121779072,140872121779297,225,0,225
140872122036174,140872122036404,230,0,230
140872122292383,140872122292609,226,0,226
140872122560470,140872122560701,231,0,231
140872122826788,140872122827021,233,0,233
140872123089076,140872123089352,276,0,276
140872123280567,140872123280810,243,0,243
140872123540999,140872123541260,261,0,261
140872123843962,140872123844196,234,0,234
140872124124198,140872124124458,260,0,260
140872124473103,140872124473426,323,0,323
140872124804929,140872124805210,281,0,281
140872125137393,140872125137585,192,0,192
140872125400908,140872125401134,226,0,226
140872125656219,140872125656449,230,0,230
140872125960115,140872125960297,182,0,182
140872126135947,140872126136083,136,0,136
140872126285111,140872126285236,125,0,125
140872126430885,140872126431000,115,0,115
140872126577945,140872126578092,147,0,147
140872126726446,140872126726606,160,0,160
140872126929982,140872126930211,229,0,229
140872127076690,140872127076849,159,0,159
140872127218108,140872127218277,169,0,169
140872127359603,140872127359765,162,0,162
140872127501068,140872127501217,149,0,149
140872127642416,140872127642570,154,0,154
140872127783009,140872127783160,151,0,151
140872127922421,140872127922562,141,0,141
140872128063302,140872128063431,129,0,129
140872128202779,140872128202913,134,0,134
140872128342282,140872128342420,138,0,138
140872128482616,140872128482769,153,0,153
140872128622428,140872128622583,155,0,155
140872128816328,140872128816468,140,0,140
140872128957403,140872128957552,149,0,149
140872129097748,140872129097889,141,0,141
140872129239026,140872129239180,154,0,154
140872129486257,140872129486494,237,0,237
140872129744291,140872129744607,316,0,316
140872129931924,140872129932163,239,0,239
140872130083726,140872130083860,134,0,134
140872130225532,140872130225692,160,0,160
140872130367733,140872130367863,130,0,130
140872130507820,140872130507935,115,0,115
140872130648842,140872130648969,127,0,127
140872130789394,140872130789522,128,0,128
140872130928469,140872130928599,130,0,130
140872131068667,140872131068794,127,0,127
140872131208865,140872131208984,119,0,119
140872131348300,140872131348426,126,0,126
140872131488551,140872131488665,114,0,114
140872131629453,140872131629579,126,0,126
140872131828286,140872131828436,150,0,150
140872131976312,140872131976474,162,0,162
140872132116657,140872132116835,178,0,178
140872132258091,140872132258234,143,0,143
140872132399184,140872132399307,123,0,123
140872132539768,140872132539911,143,0,143
140872132688599,140872132688735,136,0,136
140872132829474,140872132829623,149,0,149
140872132969742,140872132969906,164,0,164
140872133109850,140872133110000,150,0,150
140872133249452,140872133249579,127,0,127
140872133389633,140872133389799,166,0,166
140872133529816,140872133529952,136,0,136
140872133668795,140872133668940,145,0,145
140872133808004,140872133808142,138,0,138
140872133949180,140872133949323,143,0,143
140872134089272,140872134089418,146,0,146
140872134228718,140872134228873,155,0,155
140872134367735,140872134367888,153,0,153
140872134508095,140872134508251,156,0,156
140872134647908,140872134648053,145,0,145
140872134787859,140872134788007,148,0,148
140872134927373,140872134927520,147,0,147
140872135067999,140872135068143,144,0,144
140872135212540,140872135212733,193,0,193
140872135427840,140872135428118,278,0,278
140872135631991,140872135632192,201,0,201
140872135787021,140872135787223,202,0,202
140872136020911,140872136021143,232,0,232
140872136189272,140872136189468,196,0,196
140872136349029,140872136349230,201,0,201
140872159186990,140872159187440,450,0,450
140872159683489,140872159683893,404,0,404
140872160137706,140872160138126,420,0,420
140872160632719,140872160633002,283,0,283
140872161102319,140872161102636,317,0,317
140872161512796,140872161513241,445,0,445
140872162175113,140872162175539,426,0,426
140872162535457,140872162535682,225,0,225
140872162855415,140872162855644,229,0,229
140872163150366,140872163150636,270,0,270
140872163427752,140872163427946,194,0,194
140872163687737,140872163687967,230,0,230
140872163943799,140872163944013,214,0,214
140872164201809,140872164202031,222,0,222
140872164480558,140872164480789,231,0,231
140872164758336,140872164758535,199,0,199
140872164994086,140872164994257,171,0,171
140872165144863,140872165145000,137,0,137
140872165322988,140872165323186,198,0,198
140872165793402,140872165793618,216,0,216
140872166145577,140872166145902,325,0,325
140872166417422,140872166417668,246,0,246
140872166670668,140872166670962,294,0,294
140872167066285,140872167066540,255,0,255
140872167328180,140872167328428,248,0,248
140872167594655,140872167594908,253,0,253
140872167853005,140872167853269,264,0,264
140872168108549,140872168108745,196,0,196
140872168374639,140872168374847,208,0,208
140872168528279,140872168528432,153,0,153
140872168801547,140872168801761,214,0,214
140872169070566,140872169070777,211,0,211
140872169320852,140872169321045,193,0,193
140872169478905,140872169479008,103,0,103
140872169628735,140872169628878,143,0,143
140872169784352,140872169784527,175,0,175
140872169935553,140872169935844,291,0,291
140872170107717,140872170107986,269,0,269
140872170311374,140872170311560,186,0,186
140872170591402,140872170591619,217,0,217
140872170866561,140872170866807,246,0,246
140872171132906,140872171133158,252,0,252
140872171446526,140872171446760,234,0,234
140872171800473,140872171800725,252,0,252
140872172194105,140872172194461,356,0,356
140872172663065,140872172663427,362,0,362
140872173139372,140872173139801,429,0,429
140872173655671,140872173656118,447,0,447
140872174150102,140872174150451,349,0,349
140872174519766,140872174520070,304,0,304
140872174837101,140872174837381,280,0,280
140872175147670,140872175147957,287,0,287
140872175545789,140872175546070,281,0,281
140872176042831,140872176043522,691,0,691
140872176608746,140872176609193,447,0,447
140872177238702,140872177239079,377,0,377
140872177853070,140872177853660,590,0,590
140872178346893,140872178347135,242,0,242
140872178797223,140872178797634,411,0,411
140872179327767,140872179328286,519,0,519
140872179917656,140872179918110,454,0,454
140872180596513,140872180597095,582,0,582
140872181459235,140872181459695,460,0,460
140872182003890,140872182004329,439,0,439
140872182526856,140872182527171,315,0,315
140872182959888,140872182960208,320,0,320
140872183396869,140872183397430,561,0,561
140872183871668,140872183872032,364,0,364
140872184338816,140872184339099,283,0,283
140872184801859,140872184802114,255,0,255
140872185273349,140872185273894,545,0,545
140872185725591,140872185725999,408,0,408
140872186094237,140872186094471,234,0,234
140872186398811,140872186399043,232,0,232
140872186683398,140872186683613,215,0,215
140872186968288,140872186968531,243,0,243
140872187263884,140872187264101,217,0,217
140872187527277,140872187527498,221,0,221
140872187802474,140872187802691,217,0,217
140872188075156,140872188075392,236,0,236
140872188341703,140872188341933,230,0,230
140872188551706,140872188551917,211,0,211
140872188823105,140872188823416,311,0,311
140872189092239,140872189092438,199,0,199
140872189352705,140872189352891,186,0,186
140872189575347,140872189575560,213,0,213
140872189846369,140872189846739,370,0,370
140872190130945,140872190131177,232,0,232
140872190449651,140872190449974,323,0,323
140872190785545,140872190785860,315,0,315
140872191150033,140872191150286,253,0,253
140872191535883,140872191536102,219,0,219
140872191871245,140872191871424,179,0,179
140872192111104,140872192111299,195,0,195
140872192388707,140872192388936,229,0,229
140872192676377,140872192676588,211,0,211
140872192945816,140872192946041,225,0,225
140872193173311,140872193173509,198,0,198
140872193375423,140872193375673,250,0,250
140872193769535,140872193769790,255,0,255
140872194037626,140872194037872,246,0,246
140872194304581,140872194304834,253,0,253
140872194589332,140872194589577,245,0,245
140872194869317,140872194869537,220,0,220
140872195111015,140872195111202,187,0,187
140872195311993,140872195312311,318,0,318
140872195591482,140872195591704,222,0,222
140872195839961,140872195840119,158,0,158
140872196095505,140872196095744,239,0,239
140872196331027,140872196331344,317,0,317
140872196577494,140872196577734,240,0,240
140872196832679,140872196832902,223,0,223
140872197102861,140872197103187,326,0,326
140872197404229,140872197404472,243,0,243
140872197701793,140872197702036,243,0,243
140872197971528,140872197971754,226,0,226
140872198233900,140872198234128,228,0,228
140872198499728,140872198499998,270,0,270
140872198766625,140872198766826,201,0,201
140872199046896,140872199047130,234,0,234
140872199312575,140872199312891,316,0,316
140872199531887,140872199532110,223,0,223
140872199808981,140872199809204,223,0,223
140872200090630,140872200090849,219,0,219
140872200363019,140872200363233,214,0,214
140872200628793,140872200628973,180,0,180
140872200860100,140872200860280,180,0,180
140872201077061,140872201077256,195,0,195
140872201296194,140872201296402,208,0,208
140872201528231,140872201528468,237,0,237
140872201774468,140872201774638,170,0,170
140872202006464,140872202006682,218,0,218
140872202286448,140872202286696,248,0,248
140872202575774,140872202576023,249,0,249
140872202906894,140872202907269,375,0,375
140872203224572,140872203225003,431,0,431
140872203539149,140872203539390,241,0,241
140872203853990,140872203854239,249,0,249
140872204134293,140872204134507,214,0,214
140872204401160,140872204401378,218,0,218
140872204678322,140872204678559,237,0,237
140872204962117,140872204962379,262,0,262
140872205243635,140872205243861,226,0,226
140872205525978,140872205526290,312,0,312
140872205758834,140872205759017,183,0,183
140872205990750,140872205990969,219,0,219
140872206215819,140872206216093,274,0,274
140872206442921,140872206443179,258,0,258
140872206666844,140872206667042,198,0,198
140872206884353,140872206884565,212,0,212
140872207103379,140872207103586,207,0,207
140872207324123,140872207324368,245,0,245
140872207569583,140872207569898,315,0,315
140872207815394,140872207815723,329,0,329
140872208053544,140872208053853,309,0,309
140872208279124,140872208279394,270,0,270
140872208499253,140872208499484,231,0,231
140872208717920,140872208718092,172,0,172
140872208940942,140872208941228,286,0,286
140872209163143,140872209163390,247,0,247
140872209393998,140872209394234,236,0,236
140872209612621,140872209612892,271,0,271
140872209828130,140872209828371,241,0,241
140872210041929,140872210042158,229,0,229
140872210260054,140872210260279,225,0,225
140872210471589,140872210471855,266,0,266
140872210705932,140872210706177,245,0,245
140872210965659,140872210965875,216,0,216
140872211240386,140872211240571,185,0,185
140872211520513,140872211520797,284,0,284
140872211783453,140872211783678,225,0,225
140872212044561,140872212044788,227,0,227
140872212325989,140872212326225,236,0,236
140872212606593,140872212606776,183,0,183
140872212771772,140872212771903,131,0,131
140872212921217,140872212921352,135,0,135
140872213067586,140872213067711,125,0,125
140872213211311,140872213211418,107,0,107
140872213396830,140872213397027,197,0,197
140872213612447,140872213612632,185,0,185
140872213825570,140872213825769,199,0,199
140872214037101,140872214037300,199,0,199
140872214285833,140872214286106,273,0,273
140872214570326,140872214570510,184,0,184
140872214796483,140872214796690,207,0,207
140872215078063,140872215078263,200,0,200
140872215373925,140872215374168,243,0,243
140872215648172,140872215648389,217,0,217
140872215909386,140872215909620,234,0,234
140872216072941,140872216073077,136,0,136
140872216217047,140872216217157,110,0,110
140872216360022,140872216360123,101,0,101
140872216502362,140872216502486,124,0,124
140872216677562,140872216677838,276,0,276
140872216841492,140872216841703,211,0,211
140872216987790,140872216987907,117,0,117
140872217147937,140872217148107,170,0,170
140872217297296,140872217297465,169,0,169
140872217477262,140872217477415,153,0,153
140872217663717,140872217663879,162,0,162
140872217842451,140872217842637,186,0,186
140872217993615,140872217993734,119,0,119
140872218140599,140872218140720,121,0,121
140872218285091,140872218285236,145,0,145
140872218427893,140872218428042,149,0,149
140872218570483,140872218570604,121,0,121
140872218712072,140872218712197,125,0,125
140872218854254,140872218854373,119,0,119
140872219044931,140872219045140,209,0,209
140872219291591,140872219291774,183,0,183
140872219445326,140872219445478,152,0,152
140872219591152,140872219591286,134,0,134
140872219762419,140872219762621,202,0,202
140872220049891,140872220050171,280,0,280
140872220348906,140872220349147,241,0,241
140872220665428,140872220665728,300,0,300
140872220976660,140872220976897,237,0,237
140872221304009,140872221304349,340,0,340
140872221589066,140872221589274,208,0,208
