140871537275610,140871687979221,150703611,0,150703611
140871763215095,140871763710303,495208,0,495208
140871763961428,140871764406794,445366,0,445366
140871764615319,140871765028758,413439,0,413439
140871765217631,140871765615618,397987,0,397987
140871765750456,140871766061272,310816,0,310816
140871766174082,140871766458817,284735,0,284735
140871766577941,140871767030156,452215,0,452215
140871767173631,140871767548750,375119,0,375119
140871767677029,140871768033789,356760,0,356760
140871768141415,140871768440896,299481,0,299481
140871768581052,140871768891321,310269,0,310269
140871768998057,140871769272795,274738,0,274738
140871769390609,140871769663076,272467,0,272467
140871769777685,140871770022029,244344,0,244344
140871770121422,140871770364616,243194,0,243194
140871770464894,140871770688890,223996,0,223996
140871770780946,140871770988278,207332,0,207332
140871771076630,140871771273140,196510,0,196510
140871771362129,140871771562224,200095,0,200095
140871771658484,140871771876571,218087,0,218087
140871771978683,140871772191482,212799,0,212799
140871772313905,140871772609305,295400,0,295400
140871772735578,140871773038124,302546,0,302546
140871773173377,140871773508859,335482,0,335482
140871773664109,140871774012619,348510,0,348510
140871774152188,140871774480385,328197,0,328197
140871774633554,140871774937570,304016,0,304016
140871775045677,140871775336399,290722,0,290722
140871775466800,140871775769777,302977,0,302977
140871775910014,140871776337870,427856,0,427856
140871776482137,140871776810980,328843,0,328843
140871776942050,140871777260633,318583,0,318583
140871777420530,140871777733169,312639,0,312639
140871777862480,140871778183033,320553,0,320553
140871778314781,140871778638249,323468,0,323468
140871778778341,140871779093297,314956,0,314956
140871779225296,140871779580146,354850,0,354850
140871779726797,140871780299746,572949,0,572949
140871780516507,140871780949526,433019,0,433019
140871781246125,140871781670572,424447,0,424447
140871781822472,140871782142438,319966,0,319966
140871782260030,140871782573239,313209,0,313209
140871782700080,140871783009370,309290,0,309290
140871783122339,140871783430371,308032,0,308032
140871783569848,140871783882850,313002,0,313002
140871783996442,140871784288802,292360,0,292360
140871784397566,140871784682660,285094,0,285094
140871784798035,140871785123499,325464,0,325464
140871785247678,140871785556146,308468,0,308468
140871812517787,140871813084358,566571,0,566571
140871813395136,140871813843870,448734,0,448734
140871814028332,140871814363122,334790,0,334790
140871814493447,140871814819211,325764,0,325764
140871814949610,140871815277228,327618,0,327618
140871815398447,140871815735964,337517,0,337517
140871815883762,140871816476156,592394,0,592394
140871816618991,140871816943665,324674,0,324674
140871817064620,140871817468784,404164,0,404164
140871817604019,140871817917038,313019,0,313019
140871818052949,140871818363816,310867,0,310867
140871818503440,140871818829930,326490,0,326490
140871818972528,140871819279646,307118,0,307118
140871819392312,140871819668747,276435,0,276435
140871819791793,140871820359226,567433,0,567433
140871820580576,140871820951948,371372,0,371372
140871821123821,140871821504220,380399,0,380399
140871821660467,140871822037223,376756,0,376756
140871822172640,140871822640375,467735,0,467735
140871822803694,140871823140374,336680,0,336680
140871823276201,140871823576152,299951,0,299951
140871823701582,140871824005442,303860,0,303860
140871824141644,140871824448164,306520,0,306520
140871824577216,140871824877096,299880,0,299880
140871825009217,140871825310930,301713,0,301713
140871825429098,140871825727286,298188,0,298188
140871825848060,140871826127654,279594,0,279594
140871826225992,140871826470810,244818,0,244818
140871826576097,140871826854255,278158,0,278158
140871826970209,140871827232793,262584,0,262584
140871827344694,140871827703602,358908,0,358908
140871827829866,140871828106620,276754,0,276754
140871828213223,140871828465562,252339,0,252339
140871828552295,140871828857381,305086,0,305086
140871828965961,140871829206065,240104,0,240104
140871829322794,140871829587786,264992,0,264992
140871829705851,140871829971715,265864,0,265864
140871830084678,140871830340949,256271,0,256271
140871830454110,140871830735278,281168,0,281168
140871830840483,140871831110990,270507,0,270507
140871831218841,140871831459188,240347,0,240347
140871831552683,140871831774622,221939,0,221939
140871831875856,140871832101383,225527,0,225527
140871832201751,140871832440115,238364,0,238364
140871832548340,140871832886344,338004,0,338004
140871832993750,140871833224763,231013,0,231013
140871833325389,140871833711696,386307,0,386307
140871833823639,140871834067256,243617,0,243617
140871834168881,140871834426579,257698,0,257698
140871834516741,140871834753063,236322,0,236322
140871834859414,140871835070770,211356,0,211356
140871835151868,140871835372461,220593,0,220593
140871835466106,140871835663969,197863,0,197863
140871835747914,140871835948612,200698,0,200698
140871836044268,140871836258329,214061,0,214061
140871836348699,140871836562172,213473,0,213473
140871836650496,140871836853814,203318,0,203318
140871836943151,140871837144989,201838,0,201838
140871837234375,140871837429597,195222,0,195222
140871837517571,140871837806504,288933,0,288933
140871837906671,140871838108940,202269,0,202269
140871838200052,140871838387750,187698,0,187698
140871838479636,140871838688450,208814,0,208814
140871838780700,140871838992549,211849,0,211849
140871839094485,140871839334469,239984,0,239984
140871839440314,140871839668895,228581,0,228581
140871839770623,140871840039162,268539,0,268539
140871840141312,140871840390437,249125,0,249125
140871840480916,140871840699897,218981,0,218981
140871840788031,140871841029009,240978,0,240978
140871841123948,140871841341918,217970,0,217970
140871841442161,140871841710846,268685,0,268685
140871841817436,140871842065233,247797,0,247797
140871842169481,140871842437992,268511,0,268511
140871842550771,140871842841676,290905,0,290905
140871843063986,140871843344031,280045,0,280045
140871843437039,140871843657085,220046,0,220046
140871843742541,140871844008466,265925,0,265925
140871844116451,140871844404466,288015,0,288015
140871844527904,140871844815074,287170,0,287170
140871844927589,140871845199491,271902,0,271902
140871845342012,140871845660362,318350,0,318350
140871845786652,140871846077192,290540,0,290540
140871846196459,140871846508508,312049,0,312049
140871846637404,140871847256442,619038,0,619038
140871847422280,140871847733450,311170,0,311170
140871847853555,140871848272267,418712,0,418712
140871848420172,140871848750611,330439,0,330439
140871848858237,140871849153300,295063,0,295063
140871849300482,140871849642899,342417,0,342417
140871849784580,140871850078836,294256,0,294256
140871850193533,140871850493747,300214,0,300214
140871850609894,140871850912406,302512,0,302512
140871851054505,140871851367155,312650,0,312650
140871851511802,140871851885373,373571,0,373571
140871852052321,140871852419207,366886,0,366886
140871852591372,140871852952836,361464,0,361464
140871853086217,140871853513689,427472,0,427472
140871853665587,140871854044905,379318,0,379318
140871854172744,140871854483187,310443,0,310443
140871854606845,140871854887846,281001,0,281001
140871854985725,140871855243243,257518,0,257518
140871855348236,140871855624850,276614,0,276614
140871855748858,140871856183616,434758,0,434758
140871856317032,140871856686721,369689,0,369689
140871856820260,140871857156307,336047,0,336047
140871857266136,140871857592905,326769,0,326769
140871857695045,140871857994632,299587,0,299587
140871858098915,140871858416820,317905,0,317905
140871858496107,140871858694829,198722,0,198722
140871858767729,140871858950978,183249,0,183249
140871859027569,140871859215872,188303,0,188303
140871859303813,140871859480954,177141,0,177141
140871859553179,140871859753552,200373,0,200373
140871859828324,140871860020095,191771,0,191771
140871860235914,140871860421678,185764,0,185764
140871860505145,140871860691982,186837,0,186837
140871860771354,140871860949887,178533,0,178533
140871861028597,140871861202125,173528,0,173528
140871861280105,140871861439340,159235,0,159235
140871861510497,140871861681427,170930,0,170930
140871861765090,140871861969660,204570,0,204570
140871862071130,140871862285263,214133,0,214133
140871862385453,140871862648247,262794,0,262794
140871862732251,140871862905628,173377,0,173377
140871862967985,140871863114402,146417,0,146417
140871863170230,140871863292970,122740,0,122740
140871863343171,140871863534163,190992,0,190992
140871863593306,140871863707885,114579,0,114579
140871863765747,140871863885431,119684,0,119684
140871863942819,140871864059258,116439,0,116439
140871864118157,140871864234617,116460,0,116460
140871864296116,140871864420244,124128,0,124128
140871864479839,140871864598207,118368,0,118368
140871864655129,140871864770730,115601,0,115601
140871864826573,140871864943112,116539,0,116539
140871865001733,140871865136495,134762,0,134762
140871865216907,140871865443500,226593,0,226593
140871865544930,140871865800454,255524,0,255524
140871865970379,140871866311082,340703,0,340703
140871866450232,140871866806035,355803,0,355803
140871866999806,140871867342622,342816,0,342816
140871867439554,140871867763994,324440,0,324440
140871867856854,140871868209101,352247,0,352247
140871868336340,140871868700023,363683,0,363683
140871868802797,140871869049986,247189,0,247189
140871869121965,140871869338884,216919,0,216919
140871869406596,140871869578636,172040,0,172040
140871869641339,140871869818613,177274,0,177274
140871869885451,140871870144100,258649,0,258649
140871870400395,140871870681964,281569,0,281569
140871870790781,140871871137259,346478,0,346478
140871871283542,140871871549126,265584,0,265584
140871871647552,140871871898283,250731,0,250731
140871872063309,140871872309145,245836,0,245836
140871872422056,140871872704235,282179,0,282179
140871872777257,140871873038124,260867,0,260867
140871873111029,140871873363075,252046,0,252046
140871873447316,140871873727528,280212,0,280212
140871873822998,140871874067998,245000,0,245000
140871874147268,140871874374096,226828,0,226828
140871874450392,140871874668024,217632,0,217632
140871874747489,140871874951409,203920,0,203920
140871875041525,140871875352526,311001,0,311001
140871875447991,140871875687001,239010,0,239010
140871875786401,140871876053199,266798,0,266798
140871876137633,140871876336541,198908,0,198908
140871876408308,140871876577661,169353,0,169353
140871876643519,140871876810877,167358,0,167358
140871876881809,140871877109514,227705,0,227705
140871877324137,140871877603195,279058,0,279058
140871877701491,140871878052962,351471,0,351471
140871878167750,140871878492241,324491,0,324491
140871878604225,140871878876518,272293,0,272293
140871878957107,140871879193481,236374,0,236374
140871879278559,140871879493703,215144,0,215144
140871879569375,140871879767553,198178,0,198178
140871879836778,140871880022801,186023,0,186023
140871880090218,140871880268712,178494,0,178494
140871880337135,140871880515683,178548,0,178548
140871880585228,140871880773889,188661,0,188661
140871880856329,140871881073152,216823,0,216823
140871881155059,140871881402732,247673,0,247673
140871881494139,140871881740585,246446,0,246446
140871881830038,140871882082311,252273,0,252273
140871882180591,140871882448772,268181,0,268181
140871882601519,140871882897044,295525,0,295525
140871883171542,140871883620595,449053,0,449053
140871883824219,140871884250856,426637,0,426637
140871884449279,140871884781801,332522,0,332522
140871884947035,140871885246533,299498,0,299498
140871885385038,140871885647819,262781,0,262781
140871885779879,140871886031795,251916,0,251916
140871886167756,140871886406324,238568,0,238568
140871886538665,140871886768930,230265,0,230265
140871886895298,140871887113563,218265,0,218265
140871887240453,140871887452147,211694,0,211694
140871887576312,140871887792837,216525,0,216525
140871887923554,140871888176757,253203,0,253203
140871888334716,140871888627818,293102,0,293102
140871888803729,140871889109041,305312,0,305312
140871889275993,140871889699989,423996,0,423996
140871889980962,140871890370620,389658,0,389658
140871890564731,140871890935182,370451,0,370451
140871891107576,140871891478613,371037,0,371037
140871891667814,140871892205707,537893,0,537893
140871892483142,140871892966724,483582,0,483582
140871893216155,140871893631876,415721,0,415721
140871893875142,140871894324980,449838,0,449838
140871894588154,140871895013939,425785,0,425785
140871895219040,140871895839893,620853,0,620853
140871896154926,140871896638202,483276,0,483276
140871896914525,140871897371806,457281,0,457281
140871897655665,140871898004255,348590,0,348590
140871898198364,140871898626246,427882,0,427882
140871898819214,140871899237450,418236,0,418236
140871899421324,140871899804388,383064,0,383064
140871900007675,140871900415771,408096,0,408096
140871900678025,140871901207904,529879,0,529879
140871901723364,140871902473020,749656,0,749656
140871902810066,140871903343397,533331,0,533331
140871903589736,140871904017791,428055,0,428055
140871904207741,140871904554372,346631,0,346631
140871904725245,140871905084220,358975,0,358975
140871905284735,140871905640256,355521,0,355521
140871905829691,140871906186116,356425,0,356425
140871906373148,140871906693804,320656,0,320656
140871906860270,140871907177590,317320,0,317320
140871907340742,140871907790266,449524,0,449524
140871907983899,140871908368162,384263,0,384263
140871908635336,140871908997272,361936,0,361936
140871909187564,140871909548970,361406,0,361406
140871909717633,140871910023471,305838,0,305838
140871910181934,140871910492956,311022,0,311022
140871910757120,140871911101311,344191,0,344191
140871911271837,140871911582660,310823,0,310823
140871911730765,140871912018367,287602,0,287602
140871912150028,140871912413790,263762,0,263762
140871912546088,140871912838398,292310,0,292310
140871912994898,140871913290734,295836,0,295836
140871913499320,140871914019582,520262,0,520262
140871914208741,140871914795858,587117,0,587117
140871914994272,140871915601355,607083,0,607083
140871915845512,140871916281889,436377,0,436377
140871916459796,140871916895114,435318,0,435318
140871917086111,140871917524021,437910,0,437910
140871917732042,140871918272250,540208,0,540208
140871918509330,140871919112530,603200,0,603200
140871919781460,140871920554200,772740,0,772740
140871921078233,140871921698323,620090,0,620090
140871922154234,140871922795036,640802,0,640802
140871923130696,140871923572684,441988,0,441988
140871923711854,140871924151953,440099,0,440099
140871924266708,140871924596219,329511,0,329511
140871924687595,140871924955417,267822,0,267822
140871925059517,140871925322895,263378,0,263378
140871925418104,140871925657295,239191,0,239191
140871925840465,140871926129548,289083,0,289083
140871926289268,140871926654526,365258,0,365258
140871926787795,140871927152153,364358,0,364358
140871927274443,140871927726239,451796,0,451796
140871927897991,140871928375384,477393,0,477393
140871928517108,140871928997495,480387,0,480387
140871929121365,140871929462790,341425,0,341425
140871929549590,140871929828795,279205,0,279205
140871929901816,140871930149327,247511,0,247511
140871930219976,140871930457978,238002,0,238002
140871930551248,140871930869117,317869,0,317869
140871930940733,140871931175502,234769,0,234769
140871931237113,140871931453539,216426,0,216426
140871931512804,140871931719193,206389,0,206389
140871931840300,140871932047573,207273,0,207273
140871932109796,140871932320277,210481,0,210481
140871932432549,140871932624756,192207,0,192207
140871932696036,140871932821880,125844,0,125844
140871932878259,140871932994223,115964,0,115964
140871933049752,140871933251555,201803,0,201803
140871933310112,140871933510223,200111,0,200111
140871933568601,140871933768857,200256,0,200256
140871933827097,140871934026899,199802,0,199802
140871934085748,140871934280847,195099,0,195099
140871934345431,140871934548603,203172,0,203172
140871934609303,140871934809267,199964,0,199964
140871934876641,140871935051159,174518,0,174518
140871935113854,140871935332917,219063,0,219063
140871935413378,140871935651172,237794,0,237794
140871935741503,140871935996533,255030,0,255030
140871936069437,140871936324476,255039,0,255039
140871936431697,140871936721252,289555,0,289555
140871936901205,140871937181090,279885,0,279885
140871937266575,140871937512360,245785,0,245785
140871937574653,140871937792144,217491,0,217491
140871937947728,140871938217535,269807,0,269807
140871938317613,140871938630415,312802,0,312802
140871938722052,140871939024009,301957,0,301957
140871939107435,140871939410658,303223,0,303223
140871939489929,140871939750669,260740,0,260740
140871939823298,140871940056858,233560,0,233560
140871940146261,140871940397609,251348,0,251348
140871940477537,140871940728267,250730,0,250730
140871940842590,140871941152056,309466,0,309466
140871941309175,140871941835545,526370,0,526370
140871942085434,140871942670364,584930,0,584930
140871942952869,140871943283325,330456,0,330456
140871943415738,140871943707906,292168,0,292168
140871943821453,140871944123792,302339,0,302339
140871944190326,140871944416446,226120,0,226120
140871944504316,140871944722305,217989,0,217989
140871944798568,140871945011848,213280,0,213280
140871945070780,140871945274727,203947,0,203947
140871945330386,140871945532446,202060,0,202060
140871945588386,140871945787852,199466,0,199466
140871945844324,140871945982738,138414,0,138414
140871946033656,140871946128828,95172,0,95172
140871946176536,140871946270846,94310,0,94310
140871946318562,140871946412801,94239,0,94239
140871946461687,140871946555910,94223,0,94223
140871946603113,140871946696737,93624,0,93624
140871946743307,140871946837392,94085,0,94085
140871946884539,140871946978358,93819,0,93819
140871947026095,140871947128717,102622,0,102622
140871947178486,140871947279401,100915,0,100915
140871947345847,140871947457498,111651,0,111651
140871947514009,140871947631456,117447,0,117447
140871947691977,140871947901856,209879,0,209879
140871947978708,140871948212856,234148,0,234148
140871948298319,140871948555318,256999,0,256999
140871948659958,140871948968108,308150,0,308150
140871949164722,140871949368220,203498,0,203498
140871949436108,140871949581532,145424,0,145424
140871949639730,140871949769364,129634,0,129634
140871949829078,140871950107621,278543,0,278543
140871950173356,140871950401243,227887,0,227887
140871950580588,140871950916749,336161,0,336161
140871951069994,140871951466010,396016,0,396016
140871951712457,140871952209476,497019,0,497019
140871952505363,140871952962399,457036,0,457036
140871953080292,140871953397586,317294,0,317294
140871953528531,140871953831457,302926,0,302926
140871953912460,140871954197339,284879,0,284879
140871954299041,140871954593996,294955,0,294955
140871954676814,140871954928271,251457,0,251457
140871955007946,140871955352135,344189,0,344189
140871955430089,140871955660643,230554,0,230554
140871955724658,140871955950376,225718,0,225718
140871956070000,140871956291304,221304,0,221304
140871956354223,140871956569896,215673,0,215673
140871956679520,140871956886859,207339,0,207339
140871956973256,140871957207058,233802,0,233802
140871957293465,140871957517568,224103,0,224103
140871957603922,140871957829532,225610,0,225610
140871957895267,140871958106263,210996,0,210996
140871958164178,140871958367016,202838,0,202838
140871958422472,140871958623511,201039,0,201039
140871958680834,140871958882670,201836,0,201836
140871958938543,140871959138917,200374,0,200374
140871959195116,140871959405007,209891,0,209891
140871959476877,140871959688649,211772,0,211772
140871959762760,140871959985746,222986,0,222986
140871960056511,140871960278907,222396,0,222396
140871960366468,140871960635309,268841,0,268841
140871960722328,140871961018067,295739,0,295739
140871961152223,140871961431162,278939,0,278939
140871961522182,140871961811871,289689,0,289689
140871961900866,140871962284374,383508,0,383508
140871962383698,140871962739398,355700,0,355700
140871962838456,140871963169626,331170,0,331170
140871963269672,140871963611172,341500,0,341500
140871963703594,140871963942042,238448,0,238448
140871964009084,140871964206332,197248,0,197248
140871964266496,140871964452853,186357,0,186357
140871964511940,140871964695755,183815,0,183815
140871964755444,140871964937532,182088,0,182088
140871964996553,140871965179894,183341,0,183341
140871965237568,140871965419360,181792,0,181792
140871965477410,140871965660117,182707,0,182707
140871965719790,140871965902046,182256,0,182256
140871965980076,140871966165626,185550,0,185550
140871966232652,140871966416519,183867,0,183867
140871966474707,140871966658691,183984,0,183984
140871966723265,140871966935573,212308,0,212308
140871967003038,140871967188954,185916,0,185916
140871967250716,140871967437097,186381,0,186381
140871967497490,140871967683398,185908,0,185908
140871967743842,140871967930453,186611,0,186611
140871967990748,140871968241795,251047,0,251047
140871968305299,140871968532641,227342,0,227342
140871968603045,140871968842592,239547,0,239547
140871968919863,140871969113087,193224,0,193224
140871969178621,140871969378126,199505,0,199505
140871969439179,140871969619840,180661,0,180661
140871969678128,140871969856897,178769,0,178769
140871969915050,140871970092181,177131,0,177131
140871970150218,140871970322686,172468,0,172468
140871970386292,140871970569109,182817,0,182817
140871970627858,140871970809872,182014,0,182014
140871970869114,140871971049951,180837,0,180837
140871971108609,140871971285308,176699,0,176699
140871971350511,140871971523656,173145,0,173145
140871971584717,140871971759413,174696,0,174696
140871971837286,140871972004262,166976,0,166976
140871972075298,140871972260139,184841,0,184841
140871972328366,140871972501146,172780,0,172780
140871972574353,140871972785843,211490,0,211490
140871972873315,140871973087268,213953,0,213953
140871973163655,140871973359213,195558,0,195558
140871973426255,140871973617179,190924,0,190924
140871973681431,140871973863337,181906,0,181906
140871973923220,140871974105765,182545,0,182545
140871974164999,140871974419655,254656,0,254656
140871974483021,140871974668338,185317,0,185317
140871974727018,140871974910802,183784,0,183784
140871974969738,140871975153415,183677,0,183677
140871975211594,140871975394352,182758,0,182758
140871975451530,140871975632984,181454,0,181454
140871975692020,140871975876770,184750,0,184750
140871975942629,140871976128418,185789,0,185789
140871976187762,140871976371850,184088,0,184088
140871976430528,140871976613816,183288,0,183288
140871976672082,140871976855714,183632,0,183632
140871976914005,140871977097243,183238,0,183238
140871977156946,140871977335377,178431,0,178431
140871977402418,140871977577193,174775,0,174775
140871977641842,140871977820940,179098,0,179098
140871977893146,140871978088068,194922,0,194922
140871978158737,140871978362030,203293,0,203293
140871978451297,140871978657570,206273,0,206273
140871978744365,140871979002049,257684,0,257684
140871979128431,140871979506573,378142,0,378142
140871979665785,140871979946665,280880,0,280880
140871980066784,140871980402433,335649,0,335649
140871980580627,140871980884497,303870,0,303870
140871980975382,140871981316919,341537,0,341537
140871981403210,140871981730045,326835,0,326835
140871981831014,140871982165724,334710,0,334710
140871982254689,140871982504769,250080,0,250080
140871982578959,140871982804989,226030,0,226030
140871982878616,140871983071894,193278,0,193278
140871983142064,140871983317085,175021,0,175021
140871983389594,140871983568178,178584,0,178584
140871983646513,140871983841259,194746,0,194746
140871983929658,140871984179851,250193,0,250193
140871984260367,140871984483935,223568,0,223568
140871984542080,140871984768264,226184,0,226184
140871984831382,140871985038511,207129,0,207129
140871985095443,140871985293921,198478,0,198478
140871985349695,140871985546989,197294,0,197294
140871985615577,140871985828130,212553,0,212553
140871985904422,140871986114795,210373,0,210373
140871986192566,140871986472478,279912,0,279912
140871986703443,140871986982337,278894,0,278894
140871987049015,140871987271092,222077,0,222077
140871987328621,140871987534491,205870,0,205870
140871987589865,140871987791242,201377,0,201377
140871987846483,140871988043817,197334,0,197334
140871988099474,140871988278637,179163,0,179163
140871988346019,140871988536232,190213,0,190213
140871988608949,140871988821105,212156,0,212156
140871988884656,140871989088827,204171,0,204171
140871989144770,140871989363023,218253,0,218253
140871989421141,140871989620347,199206,0,199206
140871989676276,140871989872366,196090,0,196090
140871989936779,140871990150862,214083,0,214083
140871990215285,140871990425364,210079,0,210079
140871990493274,140871990709867,216593,0,216593
140871990769588,140871990977805,208217,0,208217
140871991034488,140871991236390,201902,0,201902
140871991292156,140871991492317,200161,0,200161
140871991548284,140871991746462,198178,0,198178
140871991801982,140871991999721,197739,0,197739
140871992055420,140871992254077,198657,0,198657
140871992309024,140871992569829,260805,0,260805
140871992634978,140871992733596,98618,0,98618
140871992782609,140871992877149,94540,0,94540
140871992924246,140871993018319,94073,0,94073
140871993065602,140871993159943,94341,0,94341
140871993208102,140871993321663,113561,0,113561
140871993390394,140871993600152,209758,0,209758
140871993679971,140871993799904,119933,0,119933
140871993867623,140871994057440,189817,0,189817
140871994131806,140871994317926,186120,0,186120
140871994393027,140871994594592,201565,0,201565
140871994671730,140871994857876,186146,0,186146
140871994928386,140871995110011,181625,0,181625
140871995183116,140871995450035,266919,0,266919
140871995522510,140871995694345,171835,0,171835
140871995765536,140871995972391,206855,0,206855
140871996056840,140871996299759,242919,0,242919
140871996367513,140871996598868,231355,0,231355
140871996667666,140871996919117,251451,0,251451
140871997004213,140871997254106,249893,0,249893
140871997430161,140871997741308,311147,0,311147
140871997934441,140871998273746,339305,0,339305
140871998372176,140871998813334,441158,0,441158
140871998900300,140871999220299,319999,0,319999
140871999304111,140871999605010,300899,0,300899
140871999705998,140871999992181,286183,0,286183
140872000117225,140872000417497,300272,0,300272
140872000519961,140872000781967,262006,0,262006
140872000847365,140872001112159,264794,0,264794
140872001183530,140872001400536,217006,0,217006
140872001459029,140872001664576,205547,0,205547
140872001721458,140872001835536,114078,0,114078
140872001884915,140872001986632,101717,0,101717
140872002037057,140872002197929,160872,0,160872
140872002257614,140872002460742,203128,0,203128
140872002531357,140872002674490,143133,0,143133
140872002731268,140872002847543,116275,0,116275
140872002902809,140872003057171,154362,0,154362
140872003154535,140872003432823,278288,0,278288
140872003630229,140872003945879,315650,0,315650
140872004053424,140872004418524,365100,0,365100
140872004631903,140872004956982,325079,0,325079
140872005052891,140872005351794,298903,0,298903
140872005438717,140872005679179,240462,0,240462
140872005741367,140872005941055,199688,0,199688
140872005999491,140872006118306,118815,0,118815
140872006173459,140872006373584,200125,0,200125
140872006431592,140872006630902,199310,0,199310
140872006689278,140872006875876,186598,0,186598
140872006935891,140872007047266,111375,0,111375
140872007103247,140872007303339,200092,0,200092
140872007361740,140872007561753,200013,0,200013
140872007619444,140872007818512,199068,0,199068
140872007884356,140872008084628,200272,0,200272
140872008144229,140872008341565,197336,0,197336
140872008396519,140872008593488,196969,0,196969
140872008707705,140872008845044,137339,0,137339
140872008913142,140872009108865,195723,0,195723
140872009175637,140872009379391,203754,0,203754
140872009451403,140872009667359,215956,0,215956
140872009743388,140872009957403,214015,0,214015
140872010066052,140872010263117,197065,0,197065
140872010324519,140872010530672,206153,0,206153
140872010648153,140872010772210,124057,0,124057
140872010825102,140872010996307,171205,0,171205
140872011093059,140872011299091,206032,0,206032
140872011357454,140872011559688,202234,0,202234
140872011616679,140872011741250,124571,0,124571
140872011791004,140872011894529,103525,0,103525
140872011944002,140872012110376,166374,0,166374
140872012167455,140872012367394,199939,0,199939
140872012424115,140872012623153,199038,0,199038
140872012675701,140872012778893,103192,0,103192
140872012828672,140872012930577,101905,0,101905
140872012979833,140872013081304,101471,0,101471
140872013130747,140872013298867,168120,0,168120
140872013355450,140872013555462,200012,0,200012
140872013617588,140872013817535,199947,0,199947
140872013881804,140872014078999,197195,0,197195
140872014149289,140872014353692,204403,0,204403
140872014414800,140872014618700,203900,0,203900
140872014677504,140872014888756,211252,0,211252
140872014957308,140872015112553,155245,0,155245
140872015176647,140872015394174,217527,0,217527
140872015456203,140872015664359,208156,0,208156
140872015724153,140872015928520,204367,0,204367
140872015986943,140872016100534,113591,0,113591
140872016156256,140872016269559,113303,0,113303
140872016324584,140872016578848,254264,0,254264
140872016673529,140872016931862,258333,0,258333
140872016994668,140872017201698,207030,0,207030
140872017262130,140872017455485,193355,0,193355
140872017523313,140872017717291,193978,0,193978
140872017791414,140872017999966,208552,0,208552
140872018074866,140872018265367,190501,0,190501
140872018332304,140872018535642,203338,0,203338
140872018592451,140872018790504,198053,0,198053
140872018845804,140872019043259,197455,0,197455
140872019099002,140872019310925,211923,0,211923
140872019369843,140872019567860,198017,0,198017
140872019622889,140872019820570,197681,0,197681
140872019875192,140872020057065,181873,0,181873
140872020134050,140872020318122,184072,0,184072
140872020386300,140872020589957,203657,0,203657
140872020656310,140872020846023,189713,0,189713
140872020917426,140872021122201,204775,0,204775
140872021186881,140872021392611,205730,0,205730
140872021453894,140872021707449,253555,0,253555
140872021767896,140872021903277,135381,0,135381
140872022006681,140872022113989,107308,0,107308
140872022165509,140872022264982,99473,0,99473
140872022313099,140872022409040,95941,0,95941
140872022457086,140872022551252,94166,0,94166
140872022605856,140872022749307,143451,0,143451
140872022800907,140872022895679,94772,0,94772
140872022943490,140872023037964,94474,0,94474
140872023085683,140872023179390,93707,0,93707
140872023226365,140872023319735,93370,0,93370
140872023367472,140872023460629,93157,0,93157
140872023508261,140872023601670,93409,0,93409
140872023648890,140872023742526,93636,0,93636
140872023789447,140872023882200,92753,0,92753
140872023929072,140872024022900,93828,0,93828
140872024069666,140872024163710,94044,0,94044
140872024210970,140872024304137,93167,0,93167
140872024351801,140872024445327,93526,0,93526
140872024492203,140872024585362,93159,0,93159
140872024631654,140872024725450,93796,0,93796
140872024772764,140872024866804,94040,0,94040
140872024921652,140872025015248,93596,0,93596
140872025063346,140872025156628,93282,0,93282
140872025203479,140872025297179,93700,0,93700
140872025344313,140872025437734,93421,0,93421
140872025484410,140872025577329,92919,0,92919
140872025624211,140872025717559,93348,0,93348
140872025764192,140872025857310,93118,0,93118
140872025904654,140872026091290,186636,0,186636
140872026144552,140872026239442,94890,0,94890
140872026286486,140872026380237,93751,0,93751
140872026427475,140872026580164,152689,0,152689
140872026646638,140872026767017,120379,0,120379
140872026821021,140872026918013,96992,0,96992
140872026975156,140872027150831,175675,0,175675
140872027217751,140872027422749,204998,0,204998
140872027493742,140872027743917,250175,0,250175
140872027807261,140872028006340,199079,0,199079
140872028065700,140872028279442,213742,0,213742
140872028341529,140872028550892,209363,0,209363
140872028611395,140872028822067,210672,0,210672
140872028884200,140872029093184,208984,0,208984
140872029154317,140872029318046,163729,0,163729
140872029376131,140872029489664,113533,0,113533
140872029545883,140872029657648,111765,0,111765
140872029712963,140872029916532,203569,0,203569
140872029975497,140872030178375,202878,0,202878
140872030237539,140872030440155,202616,0,202616
140872030499598,140872030702033,202435,0,202435
140872030761147,140872030963609,202462,0,202462
140872031022226,140872031225101,202875,0,202875
140872031283396,140872031485637,202241,0,202241
140872031546050,140872031748903,202853,0,202853
140872031808282,140872031920714,112432,0,112432
140872031975878,140872032088619,112741,0,112741
140872032143845,140872032346942,203097,0,203097
140872032411418,140872032622258,210840,0,210840
140872032699521,140872032801249,101728,0,101728
140872032853781,140872032948680,94899,0,94899
140872032996108,140872033090113,94005,0,94005
140872033137285,140872033231110,93825,0,93825
140872033277368,140872033370733,93365,0,93365
140872033417251,140872033510098,92847,0,92847
140872033556593,140872033649575,92982,0,92982
140872033697359,140872033790710,93351,0,93351
140872033837545,140872033930542,92997,0,92997
140872033977775,140872034070471,92696,0,92696
140872034117441,140872034210097,92656,0,92656
140872034257048,140872034350496,93448,0,93448
140872034397325,140872034490560,93235,0,93235
140872034537369,140872034630801,93432,0,93432
140872034685375,140872034779152,93777,0,93777
140872034826429,140872034920593,94164,0,94164
140872034967731,140872035061664,93933,0,93933
140872035108635,140872035202235,93600,0,93600
140872035249427,140872035343479,94052,0,94052
140872035390692,140872035483970,93278,0,93278
140872035530669,140872035624413,93744,0,93744
140872035670514,140872035763771,93257,0,93257
140872035810338,140872035903760,93422,0,93422
140872035959391,140872036053844,94453,0,94453
140872036100991,140872036194686,93695,0,93695
140872036241084,140872036334484,93400,0,93400
140872036380861,140872036473907,93046,0,93046
140872036520085,140872036613651,93566,0,93566
140872036659600,140872036753042,93442,0,93442
140872036798945,140872036891910,92965,0,92965
140872036938284,140872037031297,93013,0,93013
140872037077141,140872037169955,92814,0,92814
140872037216664,140872037310247,93583,0,93583
140872037356728,140872037449855,93127,0,93127
140872037496138,140872037589727,93589,0,93589
140872037636410,140872037729738,93328,0,93328
140872037776227,140872037869646,93419,0,93419
140872037915517,140872038008669,93152,0,93152
140872038055386,140872038149020,93634,0,93634
140872038204279,140872038343473,139194,0,139194
140872038401325,140872038572742,171417,0,171417
140872038639429,140872038838850,199421,0,199421
140872038902339,140872039085431,183092,0,183092
140872039150010,140872039318555,168545,0,168545
140872039374793,140872039476255,101462,0,101462
140872039524226,140872039673132,148906,0,148906
140872039724594,140872039823959,99365,0,99365
140872039894640,140872039993014,98374,0,98374
140872040042312,140872040138477,96165,0,96165
140872040186359,140872040281525,95166,0,95166
140872040329253,140872040423006,93753,0,93753
140872040469743,140872040604716,134973,0,134973
140872040657004,140872040751776,94772,0,94772
140872040798735,140872040950137,151402,0,151402
140872041001239,140872041095729,94490,0,94490
140872041143593,140872041238162,94569,0,94569
140872041285928,140872041379505,93577,0,93577
140872041426632,140872041519748,93116,0,93116
140872041567167,140872041661406,94239,0,94239
140872041709304,140872041803509,94205,0,94205
140872041850914,140872041944427,93513,0,93513
140872041991784,140872042085083,93299,0,93299
140872042131959,140872042225342,93383,0,93383
140872042272358,140872042365515,93157,0,93157
140872042557169,140872042763175,206006,0,206006
140872042821834,140872043019216,197382,0,197382
140872043074682,140872043272369,197687,0,197687
140872043327670,140872043525640,197970,0,197970
140872043581200,140872043777742,196542,0,196542
140872043832505,140872044029483,196978,0,196978
140872044084065,140872044274479,190414,0,190414
140872044335024,140872044514166,179142,0,179142
140872044578343,140872044730825,152482,0,152482
140872044795033,140872045002846,207813,0,207813
140872045086536,140872045324734,238198,0,238198
140872045393878,140872045624949,231071,0,231071
140872045691903,140872045977613,285710,0,285710
140872046045683,140872046219387,173704,0,173704
140872046274577,140872046389456,114879,0,114879
140872046451897,140872046598394,146497,0,146497
140872046662553,140872046788325,125772,0,125772
140872046854166,140872047054312,200146,0,200146
140872047112737,140872047222483,109746,0,109746
140872047273058,140872047376991,103933,0,103933
140872047424767,140872047522263,97496,0,97496
140872047569785,140872047663593,93808,0,93808
140872047716440,140872047813046,96606,0,96606
140872047868354,140872047963120,94766,0,94766
140872048010623,140872048104071,93448,0,93448
140872048151337,140872048245107,93770,0,93770
140872048292737,140872048386247,93510,0,93510
140872048433230,140872048526683,93453,0,93453
140872048573972,140872048667064,93092,0,93092
140872048714146,140872048807294,93148,0,93148
140872048854382,140872048947771,93389,0,93389
140872048995112,140872049157553,162441,0,162441
140872049223080,140872049432558,209478,0,209478
140872049494779,140872049701650,206871,0,206871
140872049759473,140872049969486,210013,0,210013
140872050026062,140872050236506,210444,0,210444
140872050293716,140872050432525,138809,0,138809
140872050490214,140872050681634,191420,0,191420
140872050746692,140872050914694,168002,0,168002
140872050975180,140872051090607,115427,0,115427
140872051142791,140872051252054,109263,0,109263
140872051302250,140872051405628,103378,0,103378
140872051455544,140872051557520,101976,0,101976
140872051607373,140872051708638,101265,0,101265
140872051756500,140872051868495,111995,0,111995
140872051932717,140872052197332,264615,0,264615
140872052276152,140872052490930,214778,0,214778
140872052653818,140872052925133,271315,0,271315
140872053025053,140872053306861,281808,0,281808
140872053452646,140872053739767,287121,0,287121
140872053841650,140872054082160,240510,0,240510
140872054147993,140872054409901,261908,0,261908
140872054470521,140872054683519,212998,0,212998
140872054741243,140872054945638,204395,0,204395
140872055003504,140872055203423,199919,0,199919
140872055268899,140872055484093,215194,0,215194
140872055544988,140872055750218,205230,0,205230
140872055807424,140872056021879,214455,0,214455
140872056079472,140872056281121,201649,0,201649
140872056337413,140872056508974,171561,0,171561
140872056570369,140872056842230,271861,0,271861
140872056940962,140872057220845,279883,0,279883
140872057325859,140872057688950,363091,0,363091
140872057844205,140872058348873,504668,0,504668
140872058591377,140872058993266,401889,0,401889
140872059189742,140872059519102,329360,0,329360
140872059600417,140872059907283,306866,0,306866
140872059972932,140872060212806,239874,0,239874
140872060272548,140872060386317,113769,0,113769
140872060435593,140872060535675,100082,0,100082
140872060583144,140872060678050,94906,0,94906
140872060724900,140872060818941,94041,0,94041
140872060865746,140872060959038,93292,0,93292
140872061005933,140872061099336,93403,0,93403
140872061146633,140872061239932,93299,0,93299
140872061287197,140872061390660,103463,0,103463
140872061440377,140872061534750,94373,0,94373
140872061581808,140872061675308,93500,0,93500
140872061722021,140872061815905,93884,0,93884
140872061862576,140872062007721,145145,0,145145
140872062060281,140872062155172,94891,0,94891
140872062202732,140872062296632,93900,0,93900
140872062344127,140872062437808,93681,0,93681
140872062485060,140872062578841,93781,0,93781
140872062634450,140872062728563,94113,0,94113
140872062775576,140872062869218,93642,0,93642
140872062917068,140872063011139,94071,0,94071
140872063064889,140872063271554,206665,0,206665
140872063333942,140872063532158,198216,0,198216
140872063595579,140872063712307,116728,0,116728
140872063768998,140872063882191,113193,0,113193
140872063938171,140872064049972,111801,0,111801
140872064105464,140872064216844,111380,0,111380
140872064271705,140872064382878,111173,0,111173
140872064438224,140872064642392,204168,0,204168
140872064701702,140872064905072,203370,0,203370
140872064964456,140872065221025,256569,0,256569
140872065282494,140872065486232,203738,0,203738
140872065545949,140872065658567,112618,0,112618
140872065714683,140872065921438,206755,0,206755
140872065989333,140872066096942,107609,0,107609
140872066152263,140872066263708,111445,0,111445
140872066318950,140872066430896,111946,0,111946
140872066486831,140872066598868,112037,0,112037
140872066654049,140872066857313,203264,0,203264
140872066916293,140872067120098,203805,0,203805
140872067179401,140872067291018,111617,0,111617
140872067346083,140872067548773,202690,0,202690
140872067607631,140872067719335,111704,0,111704
140872067780425,140872067892889,112464,0,112464
140872067953912,140872068066281,112369,0,112369
140872068121587,140872068233358,111771,0,111771
140872068288668,140872068399404,110736,0,110736
140872068454475,140872068647494,193019,0,193019
140872068711289,140872068919447,208158,0,208158
140872068981800,140872069194616,212816,0,212816
140872069264070,140872069484867,220797,0,220797
140872069553358,140872069679609,126251,0,126251
140872069735193,140872069852576,117383,0,117383
140872069908877,140872070022241,113364,0,113364
140872070077718,140872070189625,111907,0,111907
140872070245796,140872070357872,112076,0,112076
140872070413602,140872070675324,261722,0,261722
140872070737644,140872070940665,203021,0,203021
140872071001852,140872071206447,204595,0,204595
140872071266561,140872071470599,204038,0,204038
140872071530797,140872071735044,204247,0,204247
140872071797106,140872072003418,206312,0,206312
140872072065257,140872072270834,205577,0,205577
140872072329885,140872072534369,204484,0,204484
140872072601249,140872072717703,116454,0,116454
140872072774513,140872072887472,112959,0,112959
140872072942621,140872073145548,202927,0,202927
140872073206478,140872073408540,202062,0,202062
140872073488902,140872073701226,212324,0,212324
140872073761965,140872073963305,201340,0,201340
140872074017812,140872074216787,198975,0,198975
140872074272175,140872074471144,198969,0,198969
140872074527526,140872074698194,170668,0,170668
140872074776049,140872074902950,126901,0,126901
140872074963174,140872075123334,160160,0,160160
140872075203917,140872075508468,304551,0,304551
140872075601589,140872075888856,287267,0,287267
140872076001634,140872076213981,212347,0,212347
140872076338839,140872076497717,158878,0,158878
140872076556495,140872076722704,166209,0,166209
140872076779610,140872076991827,212217,0,212217
140872077051964,140872077165669,113705,0,113705
140872077221764,140872077334092,112328,0,112328
140872077390005,140872077593993,203988,0,203988
140872077664146,140872077867243,203097,0,203097
140872077927210,140872078040157,112947,0,112947
140872078095546,140872078206983,111437,0,111437
140872078262509,140872078374258,111749,0,111749
140872078430376,140872078541798,111422,0,111422
140872078597564,140872078800028,202464,0,202464
140872078859310,140872078971635,112325,0,112325
140872079027056,140872079229554,202498,0,202498
140872079297471,140872079500546,203075,0,203075
140872079560236,140872079672368,112132,0,112132
140872079727554,140872079839366,111812,0,111812
140872079894799,140872080006422,111623,0,111623
140872080062191,140872080173693,111502,0,111502
140872080229081,140872080432053,202972,0,202972
140872080491023,140872080603223,112200,0,112200
140872080658753,140872080862736,203983,0,203983
140872080923196,140872081038999,115803,0,115803
140872081108777,140872081280184,171407,0,171407
140872081356580,140872081564554,207974,0,207974
140872081642729,140872081866971,224242,0,224242
140872081947896,140872082170160,222264,0,222264
140872082242177,140872082514792,272615,0,272615
140872082596102,140872082713328,117226,0,117226
140872082764084,140872082864369,100285,0,100285
140872082912592,140872083007703,95111,0,95111
140872083055331,140872083149154,93823,0,93823
140872083196210,140872083346172,149962,0,149962
140872083405927,140872083525098,119171,0,119171
140872083583877,140872083698396,114519,0,114519
140872083755243,140872083904446,149203,0,149203
140872083962611,140872084104066,141455,0,141455
140872084180345,140872084380282,199937,0,199937
140872084443514,140872084649034,205520,0,205520
140872084708997,140872084913795,204798,0,204798
140872084973176,140872085176510,203334,0,203334
140872085236778,140872085439798,203020,0,203020
140872085499730,140872085702912,203182,0,203182
140872085762374,140872085941725,179351,0,179351
140872085998905,140872086111271,112366,0,112366
140872086167049,140872086370623,203574,0,203574
140872086430302,140872086632941,202639,0,202639
140872086692347,140872086906934,214587,0,214587
140872086969527,140872087090898,121371,0,121371
140872087148808,140872087361236,212428,0,212428
140872087432668,140872087564579,131911,0,131911
140872087633689,140872087765247,131558,0,131558
140872087830162,140872087982683,152521,0,152521
140872088051089,140872088222504,171415,0,171415
140872088289981,140872088439303,149322,0,149322
140872088505063,140872088727771,222708,0,222708
140872088862038,140872089116723,254685,0,254685
140872089192365,140872089438731,246366,0,246366
140872089508343,140872089686907,178564,0,178564
140872089755907,140872089962461,206554,0,206554
140872090026061,140872090163834,137773,0,137773
140872090221537,140872090343870,122333,0,122333
140872090400575,140872090517542,116967,0,116967
140872090573831,140872090687108,113277,0,113277
140872090743125,140872090854944,111819,0,111819
140872090910872,140872091022671,111799,0,111799
140872091079257,140872091191537,112280,0,112280
140872091250327,140872091454083,203756,0,203756
140872091513438,140872091716670,203232,0,203232
140872091776286,140872091979819,203533,0,203533
140872092039845,140872092151476,111631,0,111631
140872092207117,140872092318416,111299,0,111299
140872092373232,140872092575624,202392,0,202392
140872092642349,140872092755553,113204,0,113204
140872092811265,140872092924026,112761,0,112761
140872092979187,140872093114475,135288,0,135288
140872093175145,140872093290662,115517,0,115517
140872093348344,140872093459896,111552,0,111552
140872093515275,140872093627164,111889,0,111889
140872093684363,140872093797165,112802,0,112802
140872093853051,140872093967894,114843,0,114843
140872094024648,140872094139526,114878,0,114878
140872094195196,140872094310272,115076,0,115076
140872094367133,140872094574572,207439,0,207439
140872094634928,140872094843238,208310,0,208310
140872094905317,140872095164696,259379,0,259379
140872095225844,140872095343535,117691,0,117691
140872095459273,140872095560834,101561,0,101561
140872095617521,140872095731054,113533,0,113533
140872095788201,140872095971405,183204,0,183204
140872096029835,140872096146034,116199,0,116199
140872096202574,140872096315728,113154,0,113154
140872096371983,140872096483620,111637,0,111637
140872096539412,140872096742190,202778,0,202778
140872096801923,140872097004872,202949,0,202949
140872097065094,140872097176393,111299,0,111299
140872097232622,140872097344502,111880,0,111880
140872097399603,140872097601850,202247,0,202247
140872097661448,140872097773334,111886,0,111886
140872097828768,140872097940067,111299,0,111299
140872097995692,140872098107362,111670,0,111670
140872098162402,140872098274424,112022,0,112022
140872098329916,140872098532919,203003,0,203003
140872098593111,140872098796482,203371,0,203371
140872098855515,140872098967477,111962,0,111962
140872099023393,140872099226751,203358,0,203358
140872099476382,140872099692213,215831,0,215831
140872099761690,140872100007683,245993,0,245993
140872100094959,140872100305543,210584,0,210584
140872100388570,140872100565152,176582,0,176582
140872100625909,140872100749243,123334,0,123334
140872100798849,140872100901067,102218,0,102218
140872100949060,140872101044998,95938,0,95938
140872101091988,140872101186343,94355,0,94355
140872101233072,140872101327359,94287,0,94287
140872101374820,140872101530591,155771,0,155771
140872101583333,140872101677889,94556,0,94556
140872101725642,140872101819961,94319,0,94319
140872101873601,140872102033510,159909,0,159909
140872102091639,140872102219287,127648,0,127648
140872102274945,140872102375360,100415,0,100415
140872102423872,140872102605233,181361,0,181361
140872102661513,140872102761356,99843,0,99843
140872102809837,140872102905039,95202,0,95202
140872102953212,140872103047259,94047,0,94047
140872103094442,140872103187750,93308,0,93308
140872103235459,140872103329610,94151,0,94151
140872103377318,140872103470823,93505,0,93505
140872103517700,140872103610526,92826,0,92826
140872103657621,140872103750902,93281,0,93281
140872103797932,140872103898231,100299,0,100299
140872103948066,140872104041915,93849,0,93849
140872104088990,140872104182536,93546,0,93546
140872104230061,140872104323683,93622,0,93622
140872104370797,140872104464471,93674,0,93674
140872104511030,140872104604969,93939,0,93939
140872104657630,140872104751706,94076,0,94076
140872104805089,140872104899673,94584,0,94584
140872104948473,140872105066577,118104,0,118104
140872105120597,140872105217203,96606,0,96606
140872105265777,140872105361292,95515,0,95515
140872105423049,140872105521155,98106,0,98106
140872105572082,140872105687110,115028,0,115028
140872105744736,140872105944540,199804,0,199804
140872106020258,140872106274780,254522,0,254522
140872106358733,140872106639439,280706,0,280706
140872106712659,140872106902497,189838,0,189838
140872106967289,140872107142006,174717,0,174717
140872107206452,140872107345481,139029,0,139029
140872107401914,140872107598719,196805,0,196805
140872107675504,140872107792649,117145,0,117145
140872107843883,140872107952393,108510,0,108510
140872108012837,140872108135501,122664,0,122664
140872108189436,140872108309358,119922,0,119922
140872108359695,140872108473314,113619,0,113619
140872108526166,140872108636998,110832,0,110832
140872108696820,140872108861412,164592,0,164592
140872108933671,140872109049184,115513,0,115513
140872109125945,140872109330572,204627,0,204627
140872109409086,140872109588630,179544,0,179544
140872109657621,140872109853565,195944,0,195944
140872109920779,140872110093473,172694,0,172694
140872110160047,140872110329905,169858,0,169858
140872110396720,140872110573902,177182,0,177182
140872110643088,140872110803220,160132,0,160132
140872110862254,140872110987644,125390,0,125390
140872111043488,140872111190873,147385,0,147385
140872111251016,140872111398181,147165,0,147165
140872111459878,140872111609215,149337,0,149337
140872111675264,140872111831259,155995,0,155995
140872111894702,140872112089404,194702,0,194702
140872112158597,140872112449011,290414,0,290414
140872112559681,140872112913351,353670,0,353670
140872113054939,140872113378475,323536,0,323536
140872113722406,140872114172166,449760,0,449760
140872114372616,140872114684850,312234,0,312234
140872114782499,140872115073140,290641,0,290641
140872115160136,140872115389123,228987,0,228987
140872115453155,140872115589227,136072,0,136072
140872115646821,140872115765905,119084,0,119084
140872115822207,140872115970941,148734,0,148734
140872116027770,140872116140630,112860,0,112860
140872116196244,140872116308189,111945,0,111945
140872116364253,140872116476066,111813,0,111813
140872116531470,140872116735466,203996,0,203996
140872116795285,140872116998170,202885,0,202885
140872117059211,140872117262621,203410,0,203410
140872117324168,140872117482885,158717,0,158717
140872117549709,140872117744406,194697,0,194697
140872117816277,140872118029399,213122,0,213122
140872118102136,140872118321802,219666,0,219666
140872118387979,140872118648277,260298,0,260298
140872118709124,140872118917555,208431,0,208431
140872118976947,140872119179714,202767,0,202767
140872119238703,140872119452640,213937,0,213937
140872119512384,140872119766227,253843,0,253843
140872119827253,140872120029028,201775,0,201775
140872120089243,140872120326899,237656,0,237656
140872120386749,140872120589790,203041,0,203041
140872120648014,140872120849024,201010,0,201010
140872120907037,140872121106870,199833,0,199833
140872121165412,140872121364609,199197,0,199197
140872121422710,140872121621928,199218,0,199218
140872121680472,140872121880544,200072,0,200072
140872121938182,140872122137428,199246,0,199246
140872122194963,140872122393841,198878,0,198878
140872122461033,140872122668831,207798,0,207798
140872122728403,140872122927977,199574,0,199574
140872122986948,140872123143856,156908,0,156908
140872123204618,140872123321276,116658,0,116658
140872123380708,140872123643120,262412,0,262412
140872123737100,140872123901028,163928,0,163928
140872123982690,140872124220436,237746,0,237746
140872124314606,140872124588128,273522,0,273522
140872124670589,140872124954848,284259,0,284259
140872125022117,140872125239529,217412,0,217412
140872125296990,140872125502383,205393,0,205393
140872125558063,140872125813015,254952,0,254952
140872125872613,140872126000388,127775,0,127775
140872126051930,140872126175511,123581,0,123581
140872126226039,140872126324143,98104,0,98104
140872126372486,140872126468836,96350,0,96350
140872126521145,140872126615564,94419,0,94419
140872126669459,140872126797439,127980,0,127980
140872126871044,140872126969523,98479,0,98479
140872127019928,140872127114377,94449,0,94449
140872127162056,140872127255951,93895,0,93895
140872127303329,140872127397245,93916,0,93916
140872127444649,140872127538627,93978,0,93978
140872127586131,140872127679987,93856,0,93856
140872127727111,140872127820215,93104,0,93104
140872127866613,140872127960161,93548,0,93548
140872128007478,140872128100822,93344,0,93344
140872128147145,140872128240299,93154,0,93154
140872128286367,140872128379693,93326,0,93326
140872128426840,140872128520185,93345,0,93345
140872128566899,140872128708206,141307,0,141307
140872128759368,140872128853937,94569,0,94569
140872128901225,140872128994968,93743,0,93743
140872129041819,140872129135334,93515,0,93515
140872129182887,140872129332009,149122,0,149122
140872129389795,140872129587182,197387,0,197387
140872129643260,140872129787433,144173,0,144173
140872129846757,140872129972550,125793,0,125793
140872130026400,140872130121566,95166,0,95166
140872130168997,140872130263239,94242,0,94242
140872130310893,140872130405025,94132,0,94132
140872130451527,140872130545240,93713,0,93713
140872130592656,140872130686337,93681,0,93681
140872130733541,140872130826554,93013,0,93013
140872130872871,140872130965804,92933,0,92933
140872131012666,140872131105931,93265,0,93265
140872131153099,140872131246305,93206,0,93206
140872131292974,140872131385750,92776,0,92776
140872131432668,140872131525900,93232,0,93232
140872131573582,140872131666749,93167,0,93167
140872131721260,140872131868042,146782,0,146782
140872131919584,140872132014007,94423,0,94423
140872132060725,140872132154237,93512,0,93512
140872132201468,140872132295460,93992,0,93992
140872132343237,140872132436587,93350,0,93350
140872132483909,140872132577425,93516,0,93516
140872132631706,140872132725957,94251,0,94251
140872132773471,140872132866936,93465,0,93465
140872132913862,140872133007453,93591,0,93591
140872133054129,140872133147160,93031,0,93031
140872133193376,140872133287062,93686,0,93686
140872133333408,140872133427187,93779,0,93779
140872133473745,140872133567264,93519,0,93519
140872133613200,140872133706057,92857,0,92857
140872133752249,140872133845348,93099,0,93099
140872133892596,140872133986453,93857,0,93857
140872134033642,140872134126613,92971,0,92971
140872134173259,140872134265785,92526,0,92526
140872134312071,140872134405194,93123,0,93123
140872134451859,140872134545453,93594,0,93594
140872134591997,140872134685476,93479,0,93479
140872134732172,140872134825393,93221,0,93221
140872134871604,140872134964783,93179,0,93179
140872135011946,140872135105481,93535,0,93535
140872135152114,140872135288261,136147,0,136147
140872135348238,140872135503943,155705,0,155705
140872135572250,140872135671510,99260,0,99260
140872135721507,140872135864839,143332,0,143332
140872135939317,140872136062382,123065,0,123065
140872136117218,140872136228415,111197,0,111197
140872136287415,140872136387427,100012,0,100012
140872158926802,140872159346208,419406,0,419406
140872159466720,140872159804790,338070,0,338070
140872159935115,140872160257792,322677,0,322677
140872160401338,140872160765076,363738,0,363738
140872160890178,140872161199816,309638,0,309638
140872161307185,140872161713449,406264,0,406264
140872161915654,140872162303860,388206,0,388206
140872162385893,140872162655934,270041,0,270041
140872162731294,140872162963098,231804,0,231804
140872163028265,140872163257366,229101,0,229101
140872163319380,140872163530269,210889,0,210889
140872163586540,140872163789001,202461,0,202461
140872163844836,140872164044744,199908,0,199908
140872164100466,140872164303990,203524,0,203524
140872164371447,140872164582378,210931,0,210931
140872164641680,140872164861397,219717,0,219717
140872164921930,140872165034557,112627,0,112627
140872165085150,140872165191636,106486,0,106486
140872165243770,140872165425073,181303,0,181303
140872165653963,140872165872625,218662,0,218662
140872166001055,140872166217474,216419,0,216419
140872166294428,140872166486653,192225,0,192225
140872166561288,140872166740450,179162,0,179162
140872166952347,140872167138878,186531,0,186531
140872167219651,140872167431077,211426,0,211426
140872167490742,140872167696264,205522,0,205522
140872167753381,140872167954545,201164,0,201164
140872168009685,140872168218676,208991,0,208991
140872168280256,140872168415411,135155,0,135155
140872168466721,140872168620999,154278,0,154278
140872168692995,140872168903310,210315,0,210315
140872168964004,140872169173480,209476,0,209476
140872169236247,140872169361604,125357,0,125357
140872169413843,140872169518235,104392,0,104392
140872169567176,140872169667628,100452,0,100452
140872169716878,140872169823988,107110,0,107110
140872169874658,140872169978971,104313,0,104313
140872170028740,140872170156500,127760,0,127760
140872170208232,140872170421634,213402,0,213402
140872170485592,140872170689569,203977,0,203977
140872170755552,140872170938179,182627,0,182627
140872171010387,140872171239427,229040,0,229040
140872171310477,140872171554956,244479,0,244479
140872171643806,140872171889391,245585,0,245585
140872172005302,140872172328071,322769,0,322769
140872172461718,140872172797152,335434,0,335434
140872172910861,140872173283438,372577,0,372577
140872173425347,140872173808571,383224,0,383224
140872173952788,140872174261825,309037,0,309037
140872174352363,140872174619959,267596,0,267596
140872174706891,140872174934033,227142,0,227142
140872175013008,140872175245600,232592,0,232592
140872175354589,140872175664380,309791,0,309791
140872175805061,140872176178452,373391,0,373391
140872176332356,140872176783946,451590,0,451590
140872176967438,140872177410659,443221,0,443221
140872177589556,140872178015413,425857,0,425857
140872178140332,140872178483540,343208,0,343208
140872178603279,140872178919812,316533,0,316533
140872179061545,140872179484209,422664,0,422664
140872179683496,140872180052292,368796,0,368796
140872180183872,140872180942992,759120,0,759120
140872181170161,140872181640244,470083,0,470083
140872181772189,140872182156842,384653,0,384653
140872182310954,140872182651578,340624,0,340624
140872182762163,140872183075494,313331,0,313331
140872183194167,140872183532964,338797,0,338797
140872183649314,140872184006532,357218,0,357218
140872184123793,140872184470207,346414,0,346414
140872184612909,140872184934694,321785,0,321785
140872185052740,140872185419107,366367,0,366367
140872185532799,140872185847087,314288,0,314288
140872185950040,140872186203337,253297,0,253297
140872186269285,140872186505510,236225,0,236225
140872186569215,140872186789688,220473,0,220473
140872186853848,140872187081402,227554,0,227554
140872187145628,140872187344809,199181,0,199181
140872187414646,140872187630224,215578,0,215578
140872187694215,140872187905804,211589,0,211589
140872187966421,140872188181431,215010,0,215010
140872188255240,140872188385172,129932,0,129932
140872188443608,140872188654002,210394,0,210394
140872188714060,140872188924021,209961,0,209961
140872188986907,140872189194642,207735,0,207735
140872189271857,140872189410049,138192,0,138192
140872189469750,140872189677948,208198,0,208198
140872189737533,140872189944775,207242,0,207242
140872190012952,140872190236872,223920,0,223920
140872190308547,140872190554553,246006,0,246006
140872190636751,140872190913748,276997,0,276997
140872190992597,140872191273329,280732,0,280732
140872191380389,140872191643454,263065,0,263065
140872191727734,140872191923699,195965,0,195965
140872191985635,140872192216083,230448,0,230448
140872192276739,140872192500305,223566,0,223566
140872192560998,140872192779578,218580,0,218580
140872192841412,140872193037635,196223,0,196223
140872193095864,140872193215488,119624,0,119624
140872193272429,140872193593102,320673,0,320673
140872193660393,140872193872803,212410,0,212410
140872193932798,140872194128779,195981,0,195981
140872194194784,140872194409765,214981,0,214981
140872194475933,140872194693212,217279,0,217279
140872194755550,140872194972037,216487,0,216487
140872195032102,140872195152273,120171,0,120171
140872195207838,140872195423566,215728,0,215728
140872195488902,140872195671256,182354,0,182354
140872195740154,140872195902539,162385,0,162385
140872195991245,140872196157781,166536,0,166536
140872196232439,140872196393367,160928,0,160928
140872196468405,140872196681538,213133,0,213133
140872196746255,140872196911828,165573,0,165573
140872196979015,140872197218737,239722,0,239722
140872197286229,140872197509644,223415,0,223415
140872197583723,140872197805986,222263,0,222263
140872197865196,140872198074312,209116,0,209116
140872198131422,140872198335079,203657,0,203657
140872198391613,140872198606085,214472,0,214472
140872198666214,140872198868879,202665,0,202665
140872198938929,140872199150123,211194,0,211194
140872199211865,140872199372937,161072,0,161072
140872199435768,140872199631160,195392,0,195392
140872199695003,140872199915184,220181,0,220181
140872199977577,140872200195024,217447,0,217447
140872200256069,140872200452882,196813,0,196813
140872200523373,140872200691358,167985,0,167985
140872200765750,140872200919328,153578,0,153578
140872200984349,140872201139193,154844,0,154844
140872201204116,140872201357064,152948,0,152948
140872201425120,140872201629606,204486,0,204486
140872201694246,140872201828388,134142,0,134142
140872201889470,140872202110242,220772,0,220772
140872202174871,140872202372625,197754,0,197754
140872202450557,140872202692736,242179,0,242179
140872202765228,140872202982429,217201,0,217201
140872203073484,140872203315774,242290,0,242290
140872203399289,140872203653742,254453,0,254453
140872203725362,140872203961493,236131,0,236131
140872204025068,140872204238203,213135,0,213135
140872204298313,140872204504603,206290,0,206290
140872204573217,140872204782270,209053,0,209053
140872204846204,140872205059155,212951,0,212951
140872205124719,140872205340452,215733,0,215733
140872205417231,140872205590631,173400,0,173400
140872205662915,140872205819233,156318,0,156318
140872205885001,140872206050420,165419,0,165419
140872206122715,140872206276924,154209,0,154209
140872206349378,140872206503068,153690,0,153690
140872206574117,140872206726329,152212,0,152212
140872206794047,140872206942901,148854,0,148854
140872207012348,140872207162595,150247,0,150247
140872207231217,140872207404519,173302,0,173302
140872207475527,140872207645277,169750,0,169750
140872207717487,140872207884762,167275,0,167275
140872207955916,140872208114511,158595,0,158595
140872208185444,140872208339176,153732,0,153732
140872208408050,140872208557319,149269,0,149269
140872208624963,140872208779604,154641,0,154641
140872208848923,140872209001250,152327,0,152327
140872209072485,140872209222856,150371,0,150371
140872209303816,140872209454288,150472,0,150472
140872209522299,140872209671333,149034,0,149034
140872209739404,140872209887517,148113,0,148113
140872209953975,140872210101779,147804,0,147804
140872210170350,140872210319218,148868,0,148868
140872210383778,140872210530294,146516,0,146516
140872210600219,140872210807180,206961,0,206961
140872210867131,140872211073686,206555,0,206555
140872211135889,140872211343566,207677,0,207677
140872211413111,140872211623127,210016,0,210016
140872211680695,140872211885301,204606,0,204606
140872211942471,140872212148040,205569,0,205569
140872212214063,140872212430133,216070,0,216070
140872212491791,140872212652580,160789,0,160789
140872212705143,140872212811325,106182,0,106182
140872212860062,140872212959820,99758,0,99758
140872213008086,140872213105910,97824,0,97824
140872213153212,140872213258073,104861,0,104861
140872213321500,140872213451426,129926,0,129926
140872213520391,140872213670602,150211,0,150211
140872213734103,140872213883912,149809,0,149809
140872213946953,140872214096749,149796,0,149796
140872214180275,140872214390828,210553,0,210553
140872214456105,140872214613025,156920,0,156920
140872214675541,140872214905190,229649,0,229649
140872214967628,140872215184432,216804,0,216804
140872215260090,140872215481374,221284,0,221284
140872215542375,140872215750373,207998,0,207998
140872215806530,140872215961776,155246,0,155246
140872216012707,140872216111260,98553,0,98553
140872216159106,140872216255059,95953,0,95953
140872216302833,140872216397815,94982,0,94982
140872216445041,140872216539791,94750,0,94750
140872216592602,140872216723458,130856,0,130856
140872216782024,140872216879874,97850,0,97850
140872216928857,140872217025811,96954,0,96954
140872217086540,140872217186318,99778,0,99778
140872217236563,140872217335960,99397,0,99397
140872217385249,140872217536285,151036,0,151036
140872217594334,140872217715811,121477,0,121477
140872217774093,140872217883295,109202,0,109202
140872217932289,140872218032829,100540,0,100540
140872218080251,140872218179256,99005,0,99005
140872218226767,140872218322731,95964,0,95964
140872218370019,140872218465883,95864,0,95864
140872218512833,140872218608171,95338,0,95338
140872218654815,140872218749544,94729,0,94729
140872218797393,140872218891954,94561,0,94561
140872218944153,140872219136722,192569,0,192569
140872219198096,140872219332312,134216,0,134216
140872219383778,140872219483743,99965,0,99965
140872219531484,140872219629022,97538,0,97538
140872219677866,140872219867161,189295,0,189295
140872219939652,140872220162324,222672,0,222672
140872220233497,140872220450148,216651,0,216651
140872220521443,140872220765117,243674,0,243674
140872220843938,140872221087155,243217,0,243217
140872221170690,140872221378179,207489,0,207489
140872221454339,140872221647571,193232,0,193232
